기업키,기업명,평가년도,성과연도,환경,환경등급순위,온실가스 배출량(tCO₂eq),배출집약도,지정업종(목표)/<br />계획업종(할당)
C:000120,CJ대한통운,2020,2020,A,5,227703.0,32.82858479616068,교통(화물)
C:000120,CJ대한통운,2021,2021,A,5,228274.0,29.536089409509774,수송
C:000120,CJ대한통운,2022,2022,B+,4,228492.0,27.81517075950495,도로 화물 운송업
C:000120,CJ대한통운,2023,2023,A,5,227513.0,28.09344391066044,도로 화물 운송업
C:000120,CJ대한통운,2024,2024,A,5,228750.0,,도로 화물 운송업
C:000120,CJ대한통운,2025,2025,A,5,239997.0,28.728899544191748,도로 화물 운송업
C:097950,CJ제일제당,2020,2020,A,5,405352.0,67.77523082721055,산업
C:097950,CJ제일제당,2021,2021,A,5,426590.0,62.77012564387151,산업
C:097950,CJ제일제당,2022,2022,A,5,427319.0,54.486468056673395,"곡물 가공품, 전분 및 전분제품 제조업"
C:097950,CJ제일제당,2023,2023,A,5,411439.0,54.51636948861805,"곡물 가공품, 전분 및 전분제품 제조업"
C:097950,CJ제일제당,2024,2024,A,5,421213.0,55.4353303983549,"곡물 가공품, 전분 및 전분제품 제조업"
C:097950,CJ제일제당,2025,2025,A,5,409189.0,56.19847435114535,"곡물 가공품, 전분 및 전분제품 제조업"
C:006360,GS건설,2020,2020,A,5,108677.0,12.223270387795962,건설
C:006360,GS건설,2021,2021,A,5,95088.0,12.197156647653117,건설
C:006360,GS건설,2022,2022,A,5,100158.0,11.627751880303139,건설
C:006360,GS건설,2023,2023,A,5,107707.0,11.485274920306749,건설
C:006360,GS건설,2024,2024,A,5,116706.0,12.534077353704932,건설
C:006360,GS건설,2025,2025,A,5,91198.0,11.258724622716432,건설
C:082740,HSD엔진,2020,2020,B+,4,26438.0,31.86263543605579,기계
C:082740,HSD엔진,2021,2021,B+,4,25770.0,43.039776470896875,산업
C:082740,HSD엔진,2022,2022,B,3,34669.0,45.40017099585933,일반 목적용 기계 제조업
C:234080,JW생명과학,2020,2020,B+,4,28205.0,157.9840989384073,석유화학
C:234080,JW생명과학,2021,2021,B,3,28519.0,173.7806693612871,산업
C:234080,JW생명과학,2022,2022,C,2,27261.0,147.45654553972216,의약품 제조업
C:234080,JW생명과학,2023,2023,B+,4,26819.0,132.08673326590514,의약품 제조업
C:234080,JW생명과학,2024,2024,B+,4,28248.0,127.69780424782643,의약품 제조업
C:234080,JW생명과학,2025,2025,B+,4,28876.0,123.39438298519602,의약품 제조업
C:025000,KPX케미칼,2020,2020,B,3,20679.0,36.03972377689137,석유화학
C:025000,KPX케미칼,2021,2021,B,3,21876.0,28.18326619428276,석유화학
C:025000,KPX케미칼,2022,2022,C,2,24133.0,30.262779971416375,석유화학
C:025000,KPX케미칼,2023,2023,C,2,24416.0,33.61807748766871,석유화학
C:025000,KPX케미칼,2024,2024,C,2,24270.0,35.03108877418599,석유화학
C:025000,KPX케미칼,2025,2025,C,2,22975.0,37.45353336477502,석유화학
C:061970,LB세미콘,2023,2023,A,5,47657.0,189.90743032805173,반도체 제조업
C:061970,LB세미콘,2024,2024,B+,4,48250.0,184.56712916909325,반도체 제조업
C:023150,MH에탄올,2020,2020,C,2,10345.0,201.745975116653,음료제조업
C:023150,MH에탄올,2021,2021,B,3,9451.0,205.93942000585992,음료제조업
C:064960,S&T모티브,2020,2020,B,3,18812.0,21.441348106507828,자동차
C:010950,S-Oil,2020,2020,A,5,9579378.0,572.3985366679127,정유
C:010950,S-Oil,2021,2021,B+,4,10036497.0,368.9367886642764,산업
C:010950,S-Oil,2022,2022,B,3,9386360.0,223.39392036271727,석유 정제품 제조업
C:010950,S-Oil,2023,2023,A,5,9541368.0,270.6691897890873,석유 정제품 제조업
C:010950,S-Oil,2024,2024,B+,4,9632037.0,266.2122558102011,석유 정제품 제조업
C:010950,S-Oil,2025,2025,B+,4,9497500.0,280.19496436176723,석유 정제품 제조업
C:009160,SIMPAC,2020,2020,C,2,408138.0,1500.0267350662716,산업
C:009160,SIMPAC,2021,2021,B,3,545704.0,1111.7416234316825,산업
C:009160,SIMPAC,2022,2022,D,1,486938.0,965.2376282395828,1차 철강 제조업
C:009160,SIMPAC,2023,2023,C,2,232970.0,575.4810466281743,1차 철강 제조업
C:009160,SIMPAC,2024,2024,C,2,99791.0,170.35568789604068,1차 철강 제조업
C:009160,SIMPAC,2025,2025,C,2,53373.0,76.39676984020676,1차 철강 제조업
C:096770,SK이노베이션,2020,2020,A,5,20133.0,5.286683361359578,전기전자
C:096770,SK이노베이션,2022,2022,B+,4,22245.0,11.214834287672627,일차전지 및 축전지 제조업
C:096770,SK이노베이션,2023,2023,A,5,21634.0,8.690342776210091,일차전지 및 축전지 제조업
C:096770,SK이노베이션,2024,2024,A,5,2364006.0,1260.8746542710073,일차전지 및 축전지 제조업
C:096770,SK이노베이션,2025,2025,B+,4,2192948.0,452.069900108425,일차전지 및 축전지 제조업
C:002820,SUN&L,2021,2021,B,3,59370.0,186.46717852135546,산업
C:002820,SUN&L,2022,2022,D,1,65550.0,210.00613004991015,나무제품 제조업
C:002820,SUN&L,2023,2023,C,2,60377.0,248.41429682508314,나무제품 제조업
C:002820,SUN&L,2024,2024,C,2,9998.0,72.75513694102864,나무제품 제조업
C:002820,SUN&L,2025,2025,C,2,8485.0,77.9767934177856,나무제품 제조업
C:000500,가온전선,2020,2020,B,3,15924.0,20.64354055219883,전기전자
C:000500,가온전선,2021,2021,B,3,14963.0,16.515044981353867,전기전자
C:000500,가온전선,2022,2022,C,2,16145.0,13.605198538879309,전기전자
C:000500,가온전선,2023,2023,B+,4,9413.0,7.255665178758445,전기전자
C:000500,가온전선,2024,2024,A,5,8572.0,6.100261130744118,전기전자
C:000500,가온전선,2025,2025,A,5,8396.0,5.947454407484628,전기전자
C:035250,강원랜드,2020,2020,B,3,58273.0,122.04412242738718,건물
C:035250,강원랜드,2021,2021,B+,4,65276.0,82.90306929862167,건물
C:035250,강원랜드,2022,2022,B+,4,75553.0,59.517821888578844,유원지 및 기타 오락관련 서비스업
C:035250,강원랜드,2023,2023,A+,6,79240.0,57.1091574191542,유원지 및 기타 오락관련 서비스업
C:035250,강원랜드,2024,2024,A,5,79430.0,55.71064187585571,유원지 및 기타 오락관련 서비스업
C:035250,강원랜드,2025,2025,A+,6,80594.0,54.6266142695889,유원지 및 기타 오락관련 서비스업
C:000050,경방,2020,2020,C,2,17866.0,79.03145599613079,건물
C:000050,경방,2021,2021,C,2,17081.0,62.862869809238525,건물
C:000050,경방,2022,2022,C,2,18215.0,67.51785809942244,건물
C:000050,경방,2023,2023,C,2,18160.0,67.00844135446368,건물
C:000050,경방,2024,2024,C,2,18122.0,64.341108650455,건물
C:000050,경방,2025,2025,C,2,18887.0,70.59524310001734,건물
C:214390,경보제약,2020,2020,B,3,18313.0,85.0639473566472,석유화학
C:214390,경보제약,2021,2021,B+,4,14648.0,85.83165631802346,석유화학
C:214390,경보제약,2022,2022,B,3,12237.0,62.34940567475101,석유화학
C:214390,경보제약,2023,2023,B+,4,12824.0,59.27227426362609,석유화학
C:214390,경보제약,2024,2024,B+,4,11603.0,48.638449149264446,석유화학
C:214390,경보제약,2025,2025,A,5,10992.0,41.61995893863217,석유화학
C:010130,고려아연,2020,2020,B+,4,3534549.0,625.3459892202259,산업
C:010130,고려아연,2021,2021,B+,4,3553283.0,496.0949368192171,산업
C:010130,고려아연,2022,2022,B+,4,3472572.0,429.7004987036557,1차 비철금속 제조업
C:010130,고려아연,2023,2023,A,5,3297707.0,452.29400380882845,1차 비철금속 제조업
C:010130,고려아연,2024,2024,B+,4,3199180.0,395.49676877206457,1차 비철금속 제조업
C:010130,고려아연,2025,2025,A,5,3275801.0,310.96698299550553,1차 비철금속 제조업
C:002240,고려제강,2020,2020,B+,4,101547.0,232.33962127865576,철강
C:002240,고려제강,2021,2021,B+,4,100518.0,202.32487399505305,산업
C:002240,고려제강,2022,2022,C,2,91713.0,164.01713128878396,1차 철강 제조업
C:002240,고려제강,2023,2023,C,2,86141.0,166.62167599427573,1차 철강 제조업
C:002240,고려제강,2024,2024,C,2,90621.0,167.73006291855035,1차 철강 제조업
C:002240,고려제강,2025,2025,C,2,93418.0,166.17869637895436,1차 철강 제조업
C:007690,국도화학,2020,2020,B,3,36266.0,43.295647456787705,석유화학
C:007690,국도화학,2021,2021,B,3,40980.0,27.550456523168435,산업
C:007690,국도화학,2022,2022,C,2,45276.0,32.87535886878277,합성고무 및 플라스틱 물질 제조업
C:007690,국도화학,2023,2023,C,2,55575.0,52.31304631203546,합성고무 및 플라스틱 물질 제조업
C:007690,국도화학,2024,2024,C,2,64136.0,65.36250971782097,합성고무 및 플라스틱 물질 제조업
C:007690,국도화학,2025,2025,C,2,64624.0,66.82478315331382,합성고무 및 플라스틱 물질 제조업
C:078130,국일제지,2021,2021,B+,4,43962.0,460.5724648937241,산업
C:078130,국일제지,2022,2022,C,2,39255.0,348.93484505865604,"펄프, 종이 및 판지 제조업"
C:078130,국일제지,2023,2023,C,2,32845.0,406.93789551719806,"펄프, 종이 및 판지 제조업"
C:078130,국일제지,2025,2025,C,2,18941.0,279.4283386849026,"펄프, 종이 및 판지 제조업"
C:083420,그린케미칼,2020,2020,B,3,55537.0,229.11492563502432,석유화학
C:083420,그린케미칼,2021,2021,B,3,53766.0,187.84570562271733,산업
C:083420,그린케미칼,2022,2022,D,1,65613.0,201.9312893079902,기초 화학물질 제조업
C:083420,그린케미칼,2023,2023,C,2,56357.0,199.60278334504576,기초 화학물질 제조업
C:083420,그린케미칼,2024,2024,C,2,56908.0,172.27132439603798,기초 화학물질 제조업
C:083420,그린케미칼,2025,2025,C,2,49942.0,164.252042248631,기초 화학물질 제조업
C:014280,금강공업,2022,2022,D,1,19499.0,54.6423721934713,비철금속
C:014280,금강공업,2023,2023,C,2,13663.0,37.81271571388748,비철금속
C:014280,금강공업,2024,2024,C,2,13809.0,46.980372412232036,비철금속
C:014280,금강공업,2025,2025,C,2,15170.0,52.29003545138356,비철금속
C:008870,금비,2020,2020,C,2,77829.0,980.9403347037322,유리
C:008870,금비,2021,2021,C,2,82933.0,1008.0214659200544,산업
C:008870,금비,2022,2022,D,1,79965.0,981.5338083623859,유리 및 유리제품 제조업
C:008870,금비,2023,2023,C,2,82890.0,905.3264435425178,유리 및 유리제품 제조업
C:008870,금비,2024,2024,D,1,84439.0,878.9955599973676,유리 및 유리제품 제조업
C:008870,금비,2025,2025,C,2,75274.0,869.6369935784833,유리 및 유리제품 제조업
C:011780,금호석유화학,2020,2020,B+,4,3556650.0,1019.1791548735456,산업
C:011780,금호석유화학,2021,2021,B,3,3445054.0,626.2274770253111,산업
C:011780,금호석유화학,2022,2022,B+,4,3473213.0,682.7819153529912,합성고무 및 플라스틱 물질 제조업
C:011780,금호석유화학,2023,2023,A,5,3319747.0,791.1415159903875,합성고무 및 플라스틱 물질 제조업
C:011780,금호석유화학,2024,2024,A,5,3308643.0,681.593681155063,합성고무 및 플라스틱 물질 제조업
C:011780,금호석유화학,2025,2025,A,5,3301804.0,722.1827471312708,합성고무 및 플라스틱 물질 제조업
C:073240,금호타이어,2020,2020,B,3,242244.0,141.80303008617088,산업
C:073240,금호타이어,2021,2021,B+,4,258334.0,125.46858901902014,산업
C:073240,금호타이어,2022,2022,B,3,264492.0,93.31912215373822,고무제품 제조업
C:073240,금호타이어,2023,2023,A,5,257548.0,85.32472627907518,고무제품 제조업
C:073240,금호타이어,2024,2024,A,5,260704.0,72.24770547474105,고무제품 제조업
C:073240,금호타이어,2025,2025,A,5,198255.0,56.148709558307246,고무제품 제조업
C:000270,기아,2021,2021,A+,6,730585.0,17.828029918322716,산업
C:000270,기아,2022,2022,A,5,733374.0,15.802163516561542,자동차용 엔진 및 자동차 제조업
C:000270,기아,2023,2023,A,5,699068.0,11.945804882498377,자동차용 엔진 및 자동차 제조업
C:000270,기아,2024,2024,A+,6,709750.0,11.220147353456142,자동차용 엔진 및 자동차 제조업
C:000270,기아,2025,2025,A+,6,734837.0,11.279385017740038,자동차용 엔진 및 자동차 제조업
C:004540,깨끗한나라,2020,2020,B,3,383458.0,649.6909970923447,제지
C:004540,깨끗한나라,2021,2021,B+,4,348370.0,604.0848119071841,산업
C:004540,깨끗한나라,2022,2022,C,2,365442.0,603.1170056779895,"펄프, 종이 및 판지 제조업"
C:004540,깨끗한나라,2023,2023,B+,4,340694.0,661.2580335860051,"펄프, 종이 및 판지 제조업"
C:004540,깨끗한나라,2024,2024,B,3,332386.0,619.903854895807,"펄프, 종이 및 판지 제조업"
C:004540,깨끗한나라,2025,2025,B,3,302344.0,595.7408296287558,"펄프, 종이 및 판지 제조업"
C:003920,남양유업,2020,2020,C,2,88784.0,94.85420242789053,음식료품
C:003920,남양유업,2021,2021,B+,4,84889.0,90.34232008487547,산업
C:003920,남양유업,2022,2022,B,3,80522.0,85.08779198719013,낙농제품 및 식용 빙과류 제조업
C:003920,남양유업,2023,2023,B+,4,80029.0,82.31200746174005,낙농제품 및 식용 빙과류 제조업
C:003920,남양유업,2024,2024,A,5,80101.0,85.46143563566567,낙농제품 및 식용 빙과류 제조업
C:003920,남양유업,2025,2025,A,5,69833.0,79.44302257875464,낙농제품 및 식용 빙과류 제조업
C:025860,남해화학,2020,2020,B,3,67525.0,66.8666809286765,석유화학
C:025860,남해화학,2021,2021,C,2,65613.0,45.191614202115176,산업
C:025860,남해화학,2022,2022,C,2,79385.0,36.590269545839384,"비료, 농약 및 살균ㆍ살충제 제조업"
C:025860,남해화학,2023,2023,C,2,75805.0,47.662748363342494,"비료, 농약 및 살균ㆍ살충제 제조업"
C:025860,남해화학,2024,2024,C,2,65183.0,,"비료, 농약 및 살균ㆍ살충제 제조업"
C:025860,남해화학,2025,2025,C,2,72555.0,45.339823872895465,"비료, 농약 및 살균ㆍ살충제 제조업"
C:033640,네패스,2021,2021,B,3,15542.0,44.98938380729707,반도체
C:033640,네패스,2022,2022,C,2,17833.0,42.759652504963235,반도체
C:033640,네패스,2023,2023,C,2,17017.0,51.99767893197738,반도체
C:033640,네패스,2024,2024,B,3,15802.0,46.991629959655334,반도체
C:033640,네패스,2025,2025,B,3,14650.0,38.88530824451786,반도체
C:005720,넥센,2020,2020,B,3,17210.0,48.703683723358886,석유화학
C:005720,넥센,2021,2021,B+,4,19568.0,38.56367036522051,석유화학
C:005720,넥센,2022,2022,B+,4,18924.0,25.646553229400745,석유화학
C:005720,넥센,2023,2023,B+,4,17806.0,37.41346625018978,석유화학
C:005720,넥센,2024,2024,B+,4,17306.0,33.99646502211974,석유화학
C:005720,넥센,2025,2025,B+,4,13768.0,23.70584043003645,석유화학
C:002350,넥센타이어,2020,2020,B+,4,177538.0,146.8980258446646,석유화학
C:002350,넥센타이어,2021,2021,B+,4,205464.0,145.20839874674976,산업
C:002350,넥센타이어,2022,2022,B+,4,212345.0,102.25400402625385,고무제품 제조업
C:002350,넥센타이어,2023,2023,A,5,215924.0,103.59368680325838,고무제품 제조업
C:002350,넥센타이어,2024,2024,A,5,221463.0,103.8452679793331,고무제품 제조업
C:002350,넥센타이어,2025,2025,A,5,219667.0,103.1314999817625,고무제품 제조업
C:092790,넥스틸,2025,2025,C,2,20752.0,38.099995807839946,철강
C:006280,녹십자,2020,2020,B,3,41824.0,34.06527238154644,석유화학
C:006280,녹십자,2021,2021,B+,4,68162.0,58.24291466470038,산업
C:006280,녹십자,2022,2022,B,3,66851.0,53.698651566539255,의약품 제조업
C:006280,녹십자,2023,2023,B+,4,64802.0,53.562618584658324,의약품 제조업
C:006280,녹십자,2024,2024,A,5,64761.0,50.75453850778756,의약품 제조업
C:006280,녹십자,2025,2025,A,5,62706.0,42.93891137189361,의약품 제조업
C:004370,농심,2020,2020,B+,4,185370.0,88.03247659451503,음식료품
C:004370,농심,2021,2021,B,3,176034.0,83.72276624494853,산업
C:004370,농심,2022,2022,B,3,180380.0,75.28503799528234,기타 식품 제조업
C:004370,농심,2023,2023,A,5,183130.0,70.28954717882162,기타 식품 제조업
C:004370,농심,2024,2024,A,5,189047.0,69.97545313574021,기타 식품 제조업
C:004370,농심,2025,2025,A,5,186160.0,68.07292573223762,기타 식품 제조업
C:008060,대덕전자,2020,2020,B+,4,125142.0,21603.75316057111,전기전자
C:353200,대덕전자,2022,2022,B,3,154005.0,117.65472674853082,전자 부품 제조업
C:353200,대덕전자,2023,2023,A,5,137216.0,150.84458386186168,전자 부품 제조업
C:353200,대덕전자,2024,2024,B+,4,136647.0,153.16838404019458,전자 부품 제조업
C:353200,대덕전자,2025,2025,B+,4,147873.0,138.88505327574617,전자 부품 제조업
C:001680,대상,2020,2020,B,3,508708.0,195.28720369968724,음식료품
C:001680,대상,2021,2021,A,5,525562.0,182.7868897394351,산업
C:001680,대상,2022,2022,A,5,479334.0,145.71044291213667,"곡물 가공품, 전분 및 전분제품 제조업"
C:001680,대상,2023,2023,A,5,432367.0,127.35643137387547,"곡물 가공품, 전분 및 전분제품 제조업"
C:001680,대상,2024,2024,A,5,430747.0,123.59957454649272,"곡물 가공품, 전분 및 전분제품 제조업"
C:001680,대상,2025,2025,A,5,416987.0,118.16492317358117,"곡물 가공품, 전분 및 전분제품 제조업"
C:009190,대양금속,2020,2020,B,3,20080.0,142.92274344668482,기계
C:009190,대양금속,2021,2021,C,2,20013.0,98.38076960990847,기계
C:009190,대양금속,2022,2022,D,1,19331.0,80.7207373015125,기계
C:009190,대양금속,2023,2023,C,2,19503.0,97.04451435875237,기계
C:009190,대양금속,2024,2024,C,2,19950.0,92.54820463952127,기계
C:009190,대양금속,2025,2025,C,2,19309.0,86.42968148938428,기계
C:047040,대우건설,2020,2020,A,5,58980.0,7.722669059532983,건설
C:047040,대우건설,2021,2021,B+,4,60416.0,7.471938510054702,건설
C:047040,대우건설,2022,2022,B+,4,59231.0,6.355997561613487,건설
C:047040,대우건설,2023,2023,A+,6,58077.0,5.518535580051291,건설
C:047040,대우건설,2024,2024,A,5,61064.0,6.498021992583595,건설
C:047040,대우건설,2025,2025,A,5,55797.0,7.7835337758512395,건설
C:042660,대우조선해양,2020,2020,B+,4,360403.0,51.18233010804402,조선
C:042660,대우조선해양,2021,2021,B,3,296766.0,66.16138936073769,산업
C:069620,대웅제약,2024,2024,B+,4,20586.0,16.268357568545376,석유화학
C:069620,대웅제약,2025,2025,A,5,23211.0,16.686612246283453,석유화학
C:000430,대원강업,2020,2020,B,3,21896.0,36.33921385465058,자동차
C:000430,대원강업,2021,2021,B,3,47680.0,76.99726190968383,산업
C:000430,대원강업,2022,2022,C,2,49275.0,70.77530519952434,자동차 신품 부품 제조업
C:000430,대원강업,2023,2023,B,3,49563.0,65.31856871311591,자동차 신품 부품 제조업
C:000430,대원강업,2024,2024,B+,4,48056.0,63.27248627481051,자동차 신품 부품 제조업
C:000430,대원강업,2025,2025,B+,4,46295.0,59.23806383627603,자동차 신품 부품 제조업
C:024890,대원화성,2020,2020,B+,4,17724.0,173.42837731670045,석유화학
C:024890,대원화성,2021,2021,B,3,17816.0,166.5950814462113,석유화학
C:024890,대원화성,2022,2022,C,2,16339.0,120.93142861297751,석유화학
C:024890,대원화성,2023,2023,C,2,11416.0,96.5294537601956,석유화학
C:024890,대원화성,2024,2024,C,2,9140.0,91.0752931281103,석유화학
C:024890,대원화성,2025,2025,C,2,10694.0,129.35088703067913,석유화학
C:012800,대창,2020,2020,B+,4,34107.0,80.95267549381836,비철금속
C:012800,대창,2021,2021,B,3,39235.0,65.97909132359213,산업
C:012800,대창,2022,2022,D,1,37500.0,57.3116009659378,1차 비철금속 제조업
C:012800,대창,2023,2023,C,2,31844.0,61.13855942999676,1차 비철금속 제조업
C:012800,대창,2024,2024,C,2,30155.0,58.473866112845556,1차 비철금속 제조업
C:012800,대창,2025,2025,C,2,29512.0,,1차 비철금속 제조업
C:015230,대창단조,2020,2020,B,3,14212.0,73.48669102181805,기계
C:015230,대창단조,2021,2021,B,3,13870.0,48.91939776526049,기계
C:015230,대창단조,2022,2022,C,2,13182.0,41.325516074299365,기계
C:015230,대창단조,2023,2023,C,2,11116.0,40.12181962434375,기계
C:015230,대창단조,2024,2024,C,2,9015.0,39.09955352619368,기계
C:010170,대한광통신,2020,2020,C,2,20671.0,185.7665047434742,전기전자
C:001070,대한방직,2020,2020,C,2,34789.0,205.9759648040645,산업
C:001070,대한방직,2021,2021,C,2,34431.0,178.358008180528,산업
C:001070,대한방직,2022,2022,D,1,27472.0,151.90324072410732,"섬유제품 염색, 정리 및 마무리 가공업"
C:001070,대한방직,2023,2023,C,2,26539.0,190.83619889285035,"섬유제품 염색, 정리 및 마무리 가공업"
C:001070,대한방직,2024,2024,C,2,28193.0,232.7230590462056,"섬유제품 염색, 정리 및 마무리 가공업"
C:001070,대한방직,2025,2025,C,2,28076.0,183.70164954279133,"섬유제품 염색, 정리 및 마무리 가공업"
C:006650,대한유화,2020,2020,B+,4,1680813.0,900.5244718047564,석유화학
C:006650,대한유화,2021,2021,B,3,1730375.0,694.0227458661064,산업
C:006650,대한유화,2022,2022,B,3,1321364.0,599.3598216999857,기초 화학물질 제조업
C:006650,대한유화,2023,2023,B+,4,1663032.0,670.9532283351698,기초 화학물질 제조업
C:006650,대한유화,2024,2024,B+,4,1697905.0,610.8724586479416,기초 화학물질 제조업
C:006650,대한유화,2025,2025,B+,4,1715677.0,606.5193887920743,기초 화학물질 제조업
C:001440,대한전선,2020,2020,B,3,34901.0,24.097645152306427,전기전자
C:001440,대한전선,2021,2021,A,5,38996.0,20.952468371258753,산업
C:001440,대한전선,2022,2022,B+,4,39320.0,17.876585462407533,절연선 및 케이블 제조업
C:001440,대한전선,2023,2023,A,5,44892.0,17.22434607202477,절연선 및 케이블 제조업
C:001440,대한전선,2024,2024,A,5,48101.0,15.910140342352026,절연선 및 케이블 제조업
C:001440,대한전선,2025,2025,A,5,49916.0,16.00783711254236,절연선 및 케이블 제조업
C:084010,대한제강,2020,2020,B+,4,356509.0,462.5912787699833,철강
C:084010,대한제강,2021,2021,B,3,403216.0,351.63879732973953,산업
C:084010,대한제강,2022,2022,D,1,383770.0,298.99626221498505,1차 철강 제조업
C:084010,대한제강,2023,2023,C,2,313245.0,327.81140650613037,1차 철강 제조업
C:084010,대한제강,2024,2024,C,2,298667.0,375.0755872996531,1차 철강 제조업
C:084010,대한제강,2025,2025,C,2,338935.0,463.4887964159679,1차 철강 제조업
C:001790,대한제당,2020,2020,C,2,74673.0,66.98277120294333,음식료품
C:001790,대한제당,2021,2021,B,3,73001.0,62.93322042796973,산업
C:001790,대한제당,2022,2022,D,1,66370.0,63.883273991014384,기타 식품 제조업
C:001790,대한제당,2023,2023,C,2,64235.0,64.01219314339893,기타 식품 제조업
C:001790,대한제당,2024,2024,C,2,63721.0,60.75111092441147,기타 식품 제조업
C:001790,대한제당,2025,2025,C,2,61813.0,59.39863262988916,기타 식품 제조업
C:001130,대한제분,2020,2020,C,2,20932.0,66.97059153249523,식료품 제조업
C:001130,대한제분,2021,2021,C,2,21130.0,60.60498858691197,식료품 제조업
C:001130,대한제분,2022,2022,C,2,20807.0,44.96024261880231,식료품 제조업
C:001130,대한제분,2023,2023,C,2,20921.0,42.67045818401729,식료품 제조업
C:001130,대한제분,2024,2024,C,2,21785.0,46.565468610542666,식료품 제조업
C:001130,대한제분,2025,2025,C,2,21386.0,46.84058858198122,식료품 제조업
C:003490,대한항공,2020,2020,A,5,366820.0,49.53676194369797,항공
C:003490,대한항공,2021,2021,A,5,388230.0,44.35182586060995,수송
C:003490,대한항공,2022,2022,A,5,437764.0,32.637961531525896,항공 여객 운송업
C:003490,대한항공,2023,2023,A,5,416509.0,28.57673303078581,항공 여객 운송업
C:003490,대한항공,2024,2024,B+,4,425062.0,26.374141093030595,항공 여객 운송업
C:003490,대한항공,2025,2025,A,5,459700.0,27.85748004540408,항공 여객 운송업
C:003830,대한화섬,2020,2020,B,3,39543.0,455.07557691045815,섬유
C:003830,대한화섬,2021,2021,B,3,49005.0,417.6080542685058,산업
C:003830,대한화섬,2022,2022,C,2,52925.0,350.8121588663161,화학섬유 제조업
C:003830,대한화섬,2023,2023,C,2,50616.0,376.5864872144084,화학섬유 제조업
C:003830,대한화섬,2024,2024,B,3,47098.0,380.48021636682785,화학섬유 제조업
C:003830,대한화섬,2025,2025,B+,4,42870.0,396.1167189009483,화학섬유 제조업
C:069460,대호에이엘,2020,2020,B,3,31148.0,256.5174406094716,비철금속
C:069460,대호에이엘,2021,2021,B,3,29337.0,204.5790815504123,산업
C:069460,대호에이엘,2022,2022,C,2,27654.0,158.8974826939241,1차 비철금속 제조업
C:069460,대호에이엘,2023,2023,C,2,30266.0,166.69171024191976,1차 비철금속 제조업
C:069460,대호에이엘,2024,2024,C,2,26366.0,156.44429517868332,1차 비철금속 제조업
C:069460,대호에이엘,2025,2025,C,2,29418.0,146.88960293609134,1차 비철금속 제조업
C:393890,더블유씨피,2024,2024,C,2,96802.0,300.5588614116102,플라스틱 제품 제조업
C:393890,더블유씨피,2025,2025,C,2,75571.0,681.9689530250686,플라스틱 제품 제조업
C:460850,동국씨엠,2025,2025,B+,4,276861.0,140.27971612970103,1차 철강 제조업
C:001230,동국제강,2020,2020,B+,4,1830697.0,396.7996629172938,철강
C:001230,동국제강,2021,2021,B+,4,1877157.0,273.5700164975994,산업
C:001230,동국제강,2022,2022,B+,4,1591536.0,205.00790098785328,1차 철강 제조업
C:460860,동국제강,2025,2025,B+,4,1193870.0,372.6847473322798,1차 철강 제조업
C:001230,동국홀딩스,2023,2023,A,5,779.0,49.86474283881693,부동산 임대 및 공급업
C:001230,동국홀딩스,2024,2024,B+,4,762.0,18.92455404687617,부동산 임대 및 공급업
C:001230,동국홀딩스,2025,2025,B+,4,654.0,17.382153846778966,부동산 임대 및 공급업
C:004140,동방,2020,2020,B,3,43317.0,78.03621759223327,교통(화물)
C:004140,동방,2021,2021,B,3,55300.0,96.96653521363157,수송
C:004140,동방,2022,2022,C,2,57159.0,78.51088353062035,도로 화물 운송업
C:004140,동방,2023,2023,C,2,59299.0,83.07027821043856,도로 화물 운송업
C:004140,동방,2024,2024,B,3,57667.0,71.04699237142843,도로 화물 운송업
C:004140,동방,2025,2025,B,3,53060.0,61.894214357854736,도로 화물 운송업
C:102260,동성케미컬,2021,2021,B,3,45802.0,121.90867648706018,산업
C:102260,동성케미컬,2022,2022,B+,4,40162.0,75.77829038238474,기초 화학물질 제조업
C:102260,동성케미컬,2023,2023,A+,6,32141.0,80.72659560448118,기초 화학물질 제조업
C:102260,동성케미컬,2024,2024,A,5,27046.0,69.74228374383753,기초 화학물질 제조업
C:102260,동성케미컬,2025,2025,A,5,28645.0,74.00562868644305,기초 화학물질 제조업
C:084670,동양고속,2020,2020,C,2,51363.0,615.870794006647,수송
C:084670,동양고속,2021,2021,C,2,49096.0,606.0321864200057,수송
C:084670,동양고속,2022,2022,D,1,52142.0,500.2775679729706,육상 여객 운송업
C:084670,동양고속,2023,2023,C,2,54429.0,454.45096966127124,육상 여객 운송업
C:084670,동양고속,2024,2024,C,2,53374.0,439.13243993686757,육상 여객 운송업
C:084670,동양고속,2025,2025,C,2,52309.0,418.31121333408447,육상 여객 운송업
C:092780,동양피스톤,2020,2020,B,3,25793.0,96.95550284291497,자동차
C:092780,동양피스톤,2021,2021,B,3,25771.0,87.44168922342439,산업
C:092780,동양피스톤,2022,2022,D,1,26018.0,80.46323459955921,자동차 신품 부품 제조업
C:092780,동양피스톤,2023,2023,C,2,26794.0,76.32697189089842,자동차 신품 부품 제조업
C:092780,동양피스톤,2024,2024,C,2,26919.0,73.67858385195719,자동차 신품 부품 제조업
C:049770,동원F&B,2020,2020,B,3,79289.0,44.512666357431186,식료품 제조업
C:049770,동원F&B,2021,2021,B,3,82004.0,46.309730709026155,식료품 제조업
C:049770,동원F&B,2022,2022,B,3,81931.0,43.66783500583739,식료품 제조업
C:049770,동원F&B,2023,2023,B+,4,81061.0,40.750216405971976,식료품 제조업
C:049770,동원F&B,2024,2024,A,5,84156.0,41.188662243352866,식료품 제조업
C:006040,동원산업,2024,2024,A,5,6769.0,6.270991515958287,수산
C:014820,동원시스템즈,2020,2020,B,3,229767.0,394.8950650901047,비철금속
C:014820,동원시스템즈,2021,2021,C,2,278117.0,354.2579451430213,비철금속
C:014820,동원시스템즈,2022,2022,B,3,279076.0,214.51683080919994,유리 및 유리제품 제조업
C:014820,동원시스템즈,2023,2023,A,5,261349.0,225.38302453989755,유리 및 유리제품 제조업
C:014820,동원시스템즈,2024,2024,B+,4,264278.0,214.83501515232987,유리 및 유리제품 제조업
C:014820,동원시스템즈,2025,2025,A,5,245659.0,194.11533353007513,유리 및 유리제품 제조업
C:004890,동일산업,2020,2020,B+,4,286433.0,1015.6035959583932,철강
C:004890,동일산업,2021,2021,B,3,292082.0,720.2732484559658,산업
C:004890,동일산업,2022,2022,C,2,286396.0,649.3463028364871,1차 철강 제조업
C:004890,동일산업,2023,2023,C,2,251779.0,658.8266614256859,1차 철강 제조업
C:004890,동일산업,2024,2024,C,2,231725.0,636.4682401280841,1차 철강 제조업
C:004890,동일산업,2025,2025,C,2,145901.0,494.53563568103806,1차 철강 제조업
C:002690,동일제강,2020,2020,C,2,20830.0,169.46998578122754,철강
C:002690,동일제강,2021,2021,C,2,23167.0,127.12652136306919,철강
C:002690,동일제강,2022,2022,D,1,20314.0,103.24378022399607,철강
C:002690,동일제강,2023,2023,C,2,23803.0,131.64458348238125,철강
C:002690,동일제강,2024,2024,C,2,18515.0,122.52167846593916,철강
C:002690,동일제강,2025,2025,C,2,16911.0,114.77098423203236,철강
C:005290,동진쎄미켐,2020,2020,C,2,21070.0,30.98625853801335,석유화학
C:005290,동진쎄미켐,2021,2021,B+,4,21702.0,27.34176377268055,석유화학
C:005290,동진쎄미켐,2022,2022,C,2,22446.0,21.371600422860585,석유화학
C:005290,동진쎄미켐,2023,2023,A,5,24366.0,25.190236441003474,석유화학
C:005290,동진쎄미켐,2024,2024,A,5,27662.0,25.826137056182525,석유화학
C:005290,동진쎄미켐,2025,2025,A,5,29560.0,25.76490997055561,석유화학
C:025900,동화기업,2021,2021,B,3,117179.0,248.74071915334778,산업
C:025900,동화기업,2022,2022,C,2,155295.0,307.03938901793407,나무제품 제조업
C:025900,동화기업,2023,2023,C,2,144231.0,320.8805007207832,나무제품 제조업
C:025900,동화기업,2024,2024,D,1,138621.0,316.6849328325329,나무제품 제조업
C:025900,동화기업,2025,2025,B,3,111710.0,302.6967312710346,나무제품 제조업
C:000150,두산,2020,2020,A+,6,72274.0,4.23131331228381,전기전자
C:000150,두산,2021,2021,A,5,63425.0,4.803412959167974,전기전자
C:000150,두산,2022,2022,B+,4,61531.0,3.6203735300489837,전기전자
C:000150,두산,2023,2023,A,5,55566.0,56.294839043599524,전기전자
C:000150,두산,2024,2024,A,5,55371.0,51.91866816065711,전기전자
C:000150,두산,2025,2025,A,5,61495.0,34.79018961346371,전기전자
C:034020,두산에너빌리티,2022,2022,B+,4,214550.0,40.60033301588684,1차 철강 제조업
C:034020,두산에너빌리티,2023,2023,A,5,246289.0,37.025570139953125,1차 철강 제조업
C:034020,두산에너빌리티,2024,2024,A,5,235252.0,37.221627314129194,1차 철강 제조업
C:034020,두산에너빌리티,2025,2025,A,5,225464.0,31.67953791915524,1차 철강 제조업
C:034020,두산중공업,2020,2020,A,5,229499.0,66.25799662891583,기계
C:131970,두산테스나,2023,2023,C,2,28533.0,84.25456975037984,반도체
C:131970,두산테스나,2024,2024,B+,4,58757.0,161.5384901942491,반도체
C:131970,두산테스나,2025,2025,B+,4,53336.0,175.5200753027721,반도체
C:001530,디아이동일,2024,2024,D,1,19058.0,64.48414936943833,비철금속
C:001530,디아이동일,2025,2025,D,1,18594.0,53.683808082445125,비철금속
C:007340,디티알오토모티브,2020,2020,B,3,18545.0,110.56605470473185,전기전자
C:007340,디티알오토모티브,2021,2021,B,3,22789.0,96.95454738668948,전기전자
C:032350,롯데관광개발,2023,2023,D,1,31890.0,160.9706816420955,건물
C:032350,롯데관광개발,2024,2024,D,1,32367.0,128.1864125017732,일반 및 생활 숙박시설 운영업
C:032350,롯데관광개발,2025,2025,D,1,34593.0,125.2386338188965,일반 및 생활 숙박시설 운영업
C:023530,롯데쇼핑,2020,2020,A,5,672445.0,77.22077768048217,건물
C:023530,롯데쇼핑,2021,2021,A,5,679969.0,80.86971740363403,건물
C:023530,롯데쇼핑,2022,2022,A,5,722214.0,81.93553796969675,종합 소매업
C:023530,롯데쇼핑,2023,2023,A,5,709694.0,82.0588728908557,종합 소매업
C:023530,롯데쇼핑,2024,2024,A,5,717398.0,85.26957238025707,종합 소매업
C:023530,롯데쇼핑,2025,2025,A,5,705211.0,86.12674478092002,종합 소매업
C:020150,롯데에너지머티리얼즈,2023,2023,B,3,107995.0,329.184269169829,전자 부품 제조업
C:020150,롯데에너지머티리얼즈,2024,2024,B,3,98944.0,346.0361076059146,전자 부품 제조업
C:020150,롯데에너지머티리얼즈,2025,2025,B+,4,78928.0,288.8143942076393,전자 부품 제조업
C:280360,롯데웰푸드,2023,2023,B+,4,205393.0,62.226126278305294,기타 식품 제조업
C:280360,롯데웰푸드,2024,2024,A,5,206189.0,63.8320088360528,기타 식품 제조업
C:280360,롯데웰푸드,2025,2025,A,5,207034.0,63.065197260554186,기타 식품 제조업
C:286940,롯데이노베이트,2024,2024,A,5,120487.0,114.23807164363248,"컴퓨터 프로그래밍, 시스템 통합 및 관리업"
C:286940,롯데이노베이트,2025,2025,A,5,123522.0,119.18676054447332,"컴퓨터 프로그래밍, 시스템 통합 및 관리업"
C:004000,롯데정밀화학,2020,2020,A,5,627987.0,498.24214911641445,석유화학
C:004000,롯데정밀화학,2021,2021,A,5,687673.0,386.6486495545029,산업
C:004000,롯데정밀화학,2022,2022,A,5,636567.0,258.6550769150643,기초 화학물질 제조업
C:004000,롯데정밀화학,2023,2023,A+,6,697615.0,395.0787820953286,기초 화학물질 제조업
C:004000,롯데정밀화학,2024,2024,A,5,677663.0,405.30652992544873,기초 화학물질 제조업
C:004000,롯데정밀화학,2025,2025,A,5,667013.0,381.0750975922047,기초 화학물질 제조업
C:286940,롯데정보통신,2020,2020,B+,4,77266.0,92.43706524426977,산업
C:286940,롯데정보통신,2021,2021,A,5,93362.0,102.30333049361862,산업
C:286940,롯데정보통신,2022,2022,A,5,112255.0,113.37285375791362,"컴퓨터 프로그래밍, 시스템 통합 및 관리업"
C:280360,롯데제과,2020,2020,A,5,122723.0,80.14904301198347,음식료품
C:280360,롯데제과,2021,2021,A,5,238376.0,154.15157913546503,산업
C:005300,롯데칠성음료,2020,2020,B+,4,161274.0,74.59609578184512,산업
C:005300,롯데칠성음료,2021,2021,B+,4,162748.0,69.39838483161846,산업
C:005300,롯데칠성음료,2022,2022,A,5,159240.0,60.265500986349046,비알코올 음료 및 얼음 제조업
C:005300,롯데칠성음료,2023,2023,A+,6,155177.0,56.27816972483232,비알코올 음료 및 얼음 제조업
C:005300,롯데칠성음료,2024,2024,A+,6,155782.0,57.20919644664536,비알코올 음료 및 얼음 제조업
C:005300,롯데칠성음료,2025,2025,A,5,145314.0,56.609159239103136,비알코올 음료 및 얼음 제조업
C:011170,롯데케미칼,2020,2020,B,3,5574267.0,607.7942700603472,석유화학
C:011170,롯데케미칼,2021,2021,B,3,7059734.0,513.84305017721,산업
C:011170,롯데케미칼,2022,2022,B+,4,6214656.0,381.3465541410061,기초 화학물질 제조업
C:011170,롯데케미칼,2023,2023,A,5,6158540.0,457.0995424741638,기초 화학물질 제조업
C:011170,롯데케미칼,2024,2024,A,5,5902878.0,432.75842863221345,기초 화학물질 제조업
C:011170,롯데케미칼,2025,2025,A,5,5372049.0,450.95493737452085,기초 화학물질 제조업
C:002270,롯데푸드,2020,2020,B+,4,112779.0,65.61273729648475,음식료품
C:002270,롯데푸드,2021,2021,B+,4,114086.0,70.93088714343837,산업
C:204320,만도,2020,2020,A,5,78569.0,26.10469091809315,자동차
C:204320,만도,2021,2021,B+,4,70744.0,24.43014496094368,산업
C:001080,만호제강,2020,2020,C,2,28907.0,148.29392777574768,철강
C:001080,만호제강,2021,2021,C,2,42608.0,219.1003097259998,산업
C:001080,만호제강,2022,2022,D,1,40134.0,158.19158965584364,1차 철강 제조업
C:001080,만호제강,2023,2023,C,2,37251.0,174.6443727884174,1차 철강 제조업
C:001080,만호제강,2024,2024,C,2,34404.0,191.23486958827073,1차 철강 제조업
C:001080,만호제강,2025,2025,D,1,32838.0,214.6933289997512,1차 철강 제조업
C:267980,매일유업,2020,2020,B+,4,121163.0,82.96325180163758,음식료품
C:267980,매일유업,2021,2021,B,3,120934.0,78.34681471883512,산업
C:267980,매일유업,2022,2022,A,5,120156.0,74.12179184902983,낙농제품 및 식용 빙과류 제조업
C:267980,매일유업,2023,2023,A,5,115995.0,67.81307517841753,낙농제품 및 식용 빙과류 제조업
C:267980,매일유업,2024,2024,A,5,110178.0,63.51704007177041,낙농제품 및 식용 빙과류 제조업
C:267980,매일유업,2025,2025,A,5,109245.0,62.12605691130394,낙농제품 및 식용 빙과류 제조업
C:086900,메디톡스,2024,2024,B+,4,16584.0,79.67351308633609,석유화학
C:086900,메디톡스,2025,2025,B+,4,15965.0,71.89933290718119,석유화학
C:012690,모나리자,2020,2020,B,3,42046.0,358.96598343284074,제지
C:012690,모나리자,2021,2021,B,3,40006.0,375.99837485167757,산업
C:012690,모나리자,2022,2022,D,1,41008.0,339.2733355640713,"펄프, 종이 및 판지 제조업"
C:012690,모나리자,2023,2023,B+,4,42114.0,324.5529001198458,"펄프, 종이 및 판지 제조업"
C:012690,모나리자,2024,2024,A,5,41925.0,331.8489667364637,"펄프, 종이 및 판지 제조업"
C:012690,모나리자,2025,2025,A,5,42759.0,344.77165769458287,"펄프, 종이 및 판지 제조업"
C:070960,모나용평,2024,2024,C,2,34759.0,131.71723415572043,일반 및 생활 숙박시설 운영업
C:070960,모나용평,2025,2025,C,2,34009.0,138.33934818113713,일반 및 생활 숙박시설 운영업
C:009200,무림페이퍼,2020,2020,B+,4,200121.0,494.15618876714746,제지
C:009200,무림페이퍼,2021,2021,B+,4,212197.0,465.27793277770564,산업
C:009200,무림페이퍼,2022,2022,B,3,193734.0,354.79164323434037,"펄프, 종이 및 판지 제조업"
C:009200,무림페이퍼,2023,2023,B+,4,170955.0,332.3983337678512,"펄프, 종이 및 판지 제조업"
C:009200,무림페이퍼,2024,2024,A,5,179950.0,336.1120288323348,"펄프, 종이 및 판지 제조업"
C:009200,무림페이퍼,2025,2025,A,5,173720.0,342.31050737231374,"펄프, 종이 및 판지 제조업"
C:095500,미래나노텍,2024,2024,C,2,32578.0,112.7323140855046,전기전자
C:095500,미래나노텍,2025,2025,B,3,29613.0,91.70530822193355,전기전자
C:002840,미원상사,2022,2022,C,2,24036.0,56.48247711056273,석유화학
C:002840,미원상사,2023,2023,C,2,23749.0,57.58381687789071,석유화학
C:002840,미원상사,2024,2024,C,2,64934.0,152.27133039779196,석유화학
C:002840,미원상사,2025,2025,C,2,65023.0,150.40580441858327,석유화학
C:003610,방림,2020,2020,B,3,19625.0,245.4719007043125,섬유
C:003610,방림,2021,2021,C,2,19015.0,217.98704425852745,섬유
C:003610,방림,2022,2022,D,1,22528.0,241.41791259206266,섬유
C:003610,방림,2023,2023,C,2,21948.0,263.15996473646976,섬유
C:003610,방림,2024,2024,C,2,19542.0,284.12813028886166,섬유
C:003610,방림,2025,2025,C,2,19047.0,241.40476421013372,섬유
C:001340,백광산업,2020,2020,B,3,209613.0,1225.669427370257,석유화학
C:001340,백광산업,2022,2022,C,2,212126.0,913.0496056584581,기초 화학물질 제조업
C:001340,백광산업,2023,2023,C,2,199788.0,866.469254784433,기초 화학물질 제조업
C:007210,벽산,2020,2020,B,3,85481.0,318.19287075571884,유리
C:007210,벽산,2021,2021,B+,4,88096.0,298.9005578921987,산업
C:007210,벽산,2022,2022,C,2,94360.0,268.9600331405242,유리 및 유리제품 제조업
C:007210,벽산,2023,2023,B+,4,121756.0,274.45821626355576,유리 및 유리제품 제조업
C:007210,벽산,2024,2024,B+,4,118254.0,267.7649290904513,유리 및 유리제품 제조업
C:007210,벽산,2025,2025,B+,4,108302.0,267.85301882800104,유리 및 유리제품 제조업
C:003850,보령,2024,2024,A,5,17158.0,17.753407849889125,석유화학
C:003850,보령,2025,2025,A,5,16982.0,17.54681696592625,석유화학
C:015350,부산도시가스,2020,2020,C,2,31252.0,33.893208672128885,집단에너지
C:015350,부산도시가스,2021,2021,C,2,55041.0,57.908430759824704,집단에너지
C:005030,부산주공,2020,2020,B,3,82405.0,539.5657819623817,자동차
C:005030,부산주공,2021,2021,B,3,96841.0,518.3463606817403,산업
C:005030,부산주공,2022,2022,D,1,97690.0,423.7268731837054,자동차 신품 부품 제조업
C:005030,부산주공,2023,2023,C,2,97045.0,401.47587054076456,자동차 신품 부품 제조업
C:005030,부산주공,2024,2024,C,2,87529.0,410.87605506196724,자동차 신품 부품 제조업
C:005030,부산주공,2025,2025,C,2,87057.0,445.5181812026271,자동차 신품 부품 제조업
C:006740,블루산업개발,2025,2025,C,2,100936.0,1192.1525846746624,"펄프, 종이 및 판지 제조업"
C:090460,비에이치,2022,2022,C,2,17646.0,39.35279321281467,전기전자
C:090460,비에이치,2023,2023,B+,4,18487.0,61.744256217355755,전기전자
C:090460,비에이치,2024,2024,B,3,18903.0,54.56931947582362,전기전자
C:090460,비에이치,2025,2025,B+,4,22374.0,63.94714371773615,전기전자
C:005180,빙그레,2020,2020,B+,4,59763.0,65.85240805568917,식료품 제조업
C:005180,빙그레,2021,2021,A,5,60993.0,61.98459236299252,식료품 제조업
C:005180,빙그레,2022,2022,A,5,59514.0,54.52719357298448,식료품 제조업
C:005180,빙그레,2023,2023,A,5,57280.0,47.919938462378155,식료품 제조업
C:005180,빙그레,2024,2024,A,5,59696.0,47.42540510806569,식료품 제조업
C:005180,빙그레,2025,2025,A,5,57970.0,44.16983420862109,식료품 제조업
C:028260,삼성물산,2020,2020,A+,6,85212.0,4.463973510753494,산업
C:028260,삼성물산,2021,2021,A,5,85736.0,4.059356022253889,산업
C:028260,삼성물산,2022,2022,A,5,87089.0,3.29800617088336,건물 건설업
C:028260,삼성물산,2023,2023,A+,6,93787.0,3.8321591585428396,건물 건설업
C:028260,삼성물산,2024,2024,A,5,93059.0,4.0613560896039225,건물 건설업
C:028260,삼성물산,2025,2025,A,5,76502.0,3.6053272633855507,건물 건설업
C:207940,삼성바이오로직스,2020,2020,B,3,124807.0,107.15099417269784,석유화학
C:207940,삼성바이오로직스,2021,2021,A,5,130867.0,83.46072817654351,산업
C:207940,삼성바이오로직스,2022,2022,A,5,163993.0,67.28508368528388,기초 의약 물질 및 생물학적 제제 제조업
C:207940,삼성바이오로직스,2023,2023,A,5,215255.0,73.24698729177886,기초 의약 물질 및 생물학적 제제 제조업
C:207940,삼성바이오로직스,2024,2024,A,5,226519.0,64.77253766368993,기초 의약 물질 및 생물학적 제제 제조업
C:207940,삼성바이오로직스,2025,2025,A,5,262119.0,57.52043627509219,기초 의약 물질 및 생물학적 제제 제조업
C:018260,삼성에스디에스,2020,2020,B+,4,95277.0,20.942637058913164,산업
C:018260,삼성에스디에스,2021,2021,A,5,101882.0,20.434791622946133,산업
C:018260,삼성에스디에스,2022,2022,A,5,118107.0,22.82457528079556,"컴퓨터 프로그래밍, 시스템 통합 및 관리업"
C:018260,삼성에스디에스,2023,2023,A,5,149538.0,28.941873591796753,"컴퓨터 프로그래밍, 시스템 통합 및 관리업"
C:018260,삼성에스디에스,2024,2024,B+,4,173674.0,31.882278308839812,"컴퓨터 프로그래밍, 시스템 통합 및 관리업"
C:018260,삼성에스디에스,2025,2025,A,5,177783.0,32.53335416603993,"컴퓨터 프로그래밍, 시스템 통합 및 관리업"
C:009150,삼성전기,2020,2020,A,5,444101.0,79.33492842254012,전기전자
C:009150,삼성전기,2021,2021,A,5,458723.0,63.71400696858191,산업
C:009150,삼성전기,2022,2022,A,5,474809.0,65.53614523263488,전자 부품 제조업
C:009150,삼성전기,2023,2023,A,5,451100.0,66.21238128441132,전자 부품 제조업
C:009150,삼성전기,2024,2024,A,5,456652.0,60.09691460926611,전자 부품 제조업
C:009150,삼성전기,2025,2025,A,5,473182.0,56.47973198074124,전자 부품 제조업
C:005930,삼성전자,2020,2020,A,5,12532779.0,75.35740033272927,반도체
C:005930,삼성전자,2021,2021,A,5,14494447.0,72.56486223251825,산업
C:005930,삼성전자,2022,2022,A,5,14922978.0,70.43543345441074,반도체 제조업
C:005930,삼성전자,2023,2023,A,5,13290342.0,78.0068260379263,반도체 제조업
C:005930,삼성전자,2024,2024,B+,4,13594735.0,65.03032416667564,반도체 제조업
C:005930,삼성전자,2025,2025,B+,4,14091061.0,59.19544144226475,반도체 제조업
C:010140,삼성중공업,2020,2020,B+,4,383168.0,56.13745309198122,조선
C:010140,삼성중공업,2021,2021,B,3,370768.0,56.66955308284709,산업
C:010140,삼성중공업,2022,2022,B+,4,296667.0,50.65855355211776,선박 및 보트 건조업
C:010140,삼성중공업,2023,2023,A,5,351978.0,44.51334184135807,선박 및 보트 건조업
C:010140,삼성중공업,2024,2024,A,5,528395.0,53.54941052561613,선박 및 보트 건조업
C:010140,삼성중공업,2025,2025,A,5,379129.0,35.64933523230433,선박 및 보트 건조업
C:006110,삼아알미늄,2020,2020,B,3,18763.0,120.57949172858258,비철금속
C:006110,삼아알미늄,2021,2021,B,3,19453.0,91.04301989874513,비철금속
C:006110,삼아알미늄,2022,2022,D,1,20602.0,75.5463903961254,비철금속
C:006110,삼아알미늄,2023,2023,C,2,20521.0,85.98564703366631,비철금속
C:006110,삼아알미늄,2024,2024,C,2,20535.0,96.29770711674911,비철금속
C:006110,삼아알미늄,2025,2025,C,2,23731.0,111.3926337029509,비철금속
C:145990,삼양사,2020,2020,B+,4,304634.0,199.79013228224585,산업
C:145990,삼양사,2021,2021,A,5,292151.0,163.72276783837933,산업
C:145990,삼양사,2022,2022,B+,4,270112.0,135.13924577539765,"곡물 가공품, 전분 및 전분제품 제조업"
C:145990,삼양사,2023,2023,A+,6,260575.0,130.36787868310913,"곡물 가공품, 전분 및 전분제품 제조업"
C:145990,삼양사,2024,2024,A+,6,264263.0,134.39379899380143,"곡물 가공품, 전분 및 전분제품 제조업"
C:145990,삼양사,2025,2025,A,5,251561.0,132.600624331711,"곡물 가공품, 전분 및 전분제품 제조업"
C:003230,삼양식품,2022,2022,A,5,59376.0,71.26026113000101,기타 식품 제조업
C:003230,삼양식품,2023,2023,A,5,64173.0,58.44322843264654,기타 식품 제조업
C:003230,삼양식품,2024,2024,A,5,72404.0,50.766095981064055,기타 식품 제조업
C:003230,삼양식품,2025,2025,A+,6,79637.0,41.87379318991304,기타 식품 제조업
C:272550,삼양패키징,2020,2020,C,2,140745.0,382.90769896264374,석유화학
C:272550,삼양패키징,2021,2021,B,3,144577.0,368.8696912329759,산업
C:272550,삼양패키징,2022,2022,C,2,145034.0,356.0400929906003,플라스틱 제품 제조업
C:272550,삼양패키징,2023,2023,B+,4,135941.0,328.82491401140686,플라스틱 제품 제조업
C:272550,삼양패키징,2024,2024,A,5,134673.0,310.46917817522063,플라스틱 제품 제조업
C:272550,삼양패키징,2025,2025,B+,4,121323.0,289.61305414198273,플라스틱 제품 제조업
C:003720,삼영,2023,2023,C,2,29751.0,348.48703696188073,플라스틱 제품 제조업
C:003720,삼영,2024,2024,C,2,32488.0,350.18729110340126,플라스틱 제품 제조업
C:003720,삼영,2025,2025,C,2,33420.0,347.15267017162455,플라스틱 제품 제조업
C:005680,삼영전자공업,2020,2020,B+,4,104324.0,599.208432907909,전기전자
C:005680,삼영전자공업,2021,2021,B,3,124612.0,609.6957556421058,산업
C:005680,삼영전자공업,2022,2022,C,2,121215.0,616.8679797719905,기타 금속 가공제품 제조업
C:005680,삼영전자공업,2023,2023,C,2,67451.0,434.8289537985889,기타 금속 가공제품 제조업
C:005680,삼영전자공업,2024,2024,C,2,29094.0,197.21754053514562,기타 금속 가공제품 제조업
C:005680,삼영전자공업,2025,2025,C,2,24009.0,178.71183877424374,기타 금속 가공제품 제조업
C:003720,삼영화학공업,2020,2020,B,3,29296.0,301.8246671466163,석유화학
C:003720,삼영화학공업,2021,2021,B,3,31827.0,294.89774219405217,산업
C:003720,삼영화학공업,2022,2022,C,2,30173.0,261.495449938148,플라스틱 제품 제조업
C:023000,삼원강재,2020,2020,B+,4,26718.0,108.61448971570783,자동차
C:023000,삼원강재,2021,2021,B,3,34034.0,113.46461509933268,산업
C:023000,삼원강재,2022,2022,C,2,34165.0,93.83125465331052,자동차 신품 부품 제조업
C:023000,삼원강재,2023,2023,B,3,32353.0,90.10517712703178,자동차 신품 부품 제조업
C:023000,삼원강재,2024,2024,B+,4,31842.0,92.68279609580988,자동차 신품 부품 제조업
C:023000,삼원강재,2025,2025,B+,4,32564.0,90.63505252376714,자동차 신품 부품 제조업
C:009770,삼정펄프,2020,2020,C,2,158698.0,1084.513749429916,제지
C:009770,삼정펄프,2021,2021,C,2,145995.0,1056.8841679083057,산업
C:009770,삼정펄프,2022,2022,D,1,156562.0,897.3881009029102,"펄프, 종이 및 판지 제조업"
C:009770,삼정펄프,2023,2023,C,2,147721.0,828.4594699468615,"펄프, 종이 및 판지 제조업"
C:009770,삼정펄프,2024,2024,C,2,143169.0,873.5991904178536,"펄프, 종이 및 판지 제조업"
C:009770,삼정펄프,2025,2025,C,2,127206.0,856.2259199490423,"펄프, 종이 및 판지 제조업"
C:004690,삼천리,2020,2020,B+,4,58269.0,24.329513692983483,집단에너지
C:004690,삼천리,2021,2021,B,3,73196.0,27.904901774463326,전환
C:004690,삼천리,2022,2022,C,2,75703.0,18.887030049747228,"증기, 냉ㆍ온수 및 공기 조절 공급업"
C:004690,삼천리,2023,2023,B,3,100536.0,25.910550071560674,"증기, 냉ㆍ온수 및 공기 조절 공급업"
C:004690,삼천리,2024,2024,B,3,98837.0,27.666770878381744,"증기, 냉ㆍ온수 및 공기 조절 공급업"
C:004690,삼천리,2025,2025,B+,4,72207.0,19.94259337072603,"증기, 냉ㆍ온수 및 공기 조절 공급업"
C:038500,삼표시멘트,2020,2020,B+,4,5986309.0,11171.770428112563,산업
C:038500,삼표시멘트,2021,2021,B,3,5912105.0,10740.024463605218,산업
C:038500,삼표시멘트,2022,2022,B,3,5726965.0,8505.918682943608,"시멘트, 석회, 플라스터 및 그 외 제품 제조업"
C:038500,삼표시멘트,2023,2023,A,5,5801581.0,7476.90742934778,"시멘트, 석회, 플라스터 및 그 외 제품 제조업"
C:038500,삼표시멘트,2024,2024,A,5,4998174.0,6718.280155405679,"시멘트, 석회, 플라스터 및 그 외 제품 제조업"
C:038500,삼표시멘트,2025,2025,A,5,4269882.0,6665.359367354154,"시멘트, 석회, 플라스터 및 그 외 제품 제조업"
C:004450,삼화왕관,2020,2020,B,3,18064.0,169.5395606245598,기계
C:004450,삼화왕관,2021,2021,B,3,17841.0,156.31335498732687,기계
C:004450,삼화왕관,2022,2022,D,1,19965.0,150.5655934515753,기계
C:004450,삼화왕관,2023,2023,C,2,19391.0,147.17288490040082,기계
C:004450,삼화왕관,2024,2024,C,2,19197.0,144.8391825394446,기계
C:004450,삼화왕관,2025,2025,C,2,18193.0,144.15911860090804,기계
C:001820,삼화콘덴서공업,2020,2020,B,3,21190.0,112.16558771949029,전기전자
C:001820,삼화콘덴서공업,2021,2021,C,2,22981.0,108.73724003886538,전기전자
C:001820,삼화콘덴서공업,2022,2022,D,1,22845.0,108.13386193282196,전기전자
C:001820,삼화콘덴서공업,2023,2023,C,2,24605.0,109.38494435275277,전기전자
C:001820,삼화콘덴서공업,2024,2024,C,2,25292.0,106.44410507706458,전기전자
C:001820,삼화콘덴서공업,2025,2025,C,2,26595.0,107.14084772666047,전기전자
C:075180,새론오토모티브,2020,2020,B,3,21581.0,202.1313657916902,자동차
C:075180,새론오토모티브,2021,2021,C,2,21933.0,218.60066914577382,자동차
C:075180,새론오토모티브,2022,2022,D,1,20502.0,198.74296517935798,자동차
C:075180,새론오토모티브,2023,2023,C,2,15948.0,149.00780910843355,자동차
C:075180,새론오토모티브,2024,2024,C,2,15659.0,148.16288861756652,자동차
C:075180,새론오토모티브,2025,2025,C,2,14425.0,140.16433275331195,자동차
C:092190,서울바이오시스,2022,2022,D,1,66642.0,367.4633478169489,반도체 제조업
C:046890,서울반도체,2020,2020,B,3,12341.0,12.426860207338093,반도체
C:046890,서울반도체,2021,2021,B,3,9273.0,8.35613651867953,반도체
C:046890,서울반도체,2022,2022,D,1,7845.0,8.335181590816243,반도체
C:046890,서울반도체,2023,2023,C,2,6289.0,7.383251948192032,반도체
C:021050,서원,2020,2020,B,3,14899.0,76.52924521567613,비철금속
C:021050,서원,2021,2021,B,3,15384.0,58.79915927543917,비철금속
C:021050,서원,2022,2022,C,2,14245.0,51.672376272705755,비철금속
C:021050,서원,2023,2023,C,2,12122.0,51.98575345803493,비철금속
C:021050,서원,2024,2024,C,2,11134.0,42.681705019039896,비철금속
C:008490,서흥,2020,2020,C,2,35082.0,90.83359253033959,석유화학
C:008490,서흥,2021,2021,C,2,43537.0,105.21709462195291,산업
C:008490,서흥,2022,2022,C,2,37405.0,97.91703092305542,기타 식품 제조업
C:008490,서흥,2023,2023,B+,4,36087.0,114.09287514110432,기타 식품 제조업
C:008490,서흥,2024,2024,B+,4,37334.0,111.73815684165754,기타 식품 제조업
C:008490,서흥,2025,2025,B+,4,38430.0,108.06071797008485,기타 식품 제조업
C:004980,성신양회,2020,2020,B+,4,4794801.0,9667.02568701305,시멘트
C:004980,성신양회,2021,2021,B+,4,4948818.0,8642.896032061179,산업
C:004980,성신양회,2022,2022,C,2,5113860.0,7225.013493914453,"시멘트, 석회, 플라스터 및 그 외 제품 제조업"
C:004980,성신양회,2023,2023,B,3,4989822.0,6580.481773514755,"시멘트, 석회, 플라스터 및 그 외 제품 제조업"
C:004980,성신양회,2024,2024,B+,4,4072874.0,5691.551070977194,"시멘트, 석회, 플라스터 및 그 외 제품 제조업"
C:004980,성신양회,2025,2025,B+,4,3583961.0,5747.887711083991,"시멘트, 석회, 플라스터 및 그 외 제품 제조업"
C:365340,성일하이텍,2024,2024,C,2,26083.0,209.44709872799126,1차 비철금속 제조업
C:365340,성일하이텍,2025,2025,C,2,31956.0,171.5587050372919,1차 비철금속 제조업
C:004360,세방,2020,2020,B,3,28371.0,49.147562168047536,교통(화물)
C:004360,세방,2021,2021,B,3,29289.0,47.16481527560358,수송
C:004360,세방,2022,2022,C,2,28452.0,40.150382656747134,도로 화물 운송업
C:004360,세방,2023,2023,B+,4,28028.0,38.090039521696234,도로 화물 운송업
C:004360,세방,2024,2024,B,3,27838.0,35.87585515098264,도로 화물 운송업
C:004360,세방,2025,2025,B+,4,27932.0,36.973723902540655,도로 화물 운송업
C:004490,세방전지,2020,2020,B+,4,125935.0,116.9295321785773,전기전자
C:004490,세방전지,2021,2021,B,3,137550.0,110.57755589349492,산업
C:004490,세방전지,2022,2022,B,3,128349.0,100.39944618869477,일차전지 및 축전지 제조업
C:004490,세방전지,2023,2023,C,2,136703.0,100.68933391373318,일차전지 및 축전지 제조업
C:004490,세방전지,2024,2024,C,2,147941.0,93.5131994545305,일차전지 및 축전지 제조업
C:004490,세방전지,2025,2025,A,5,147189.0,89.9399783254405,일차전지 및 축전지 제조업
C:001430,세아베스틸,2020,2020,B,3,1038986.0,745.1320492306461,철강
C:001430,세아베스틸지주,2022,2022,C,2,472.0,0.6747132794778942,1차 철강 제조업
C:001430,세아베스틸지주,2023,2023,A,5,467.0,7.880664714107435,1차 철강 제조업
C:001430,세아베스틸지주,2024,2024,A,5,485.0,3.015696597422698,1차 철강 제조업
C:001430,세아베스틸지주,2025,2025,A,5,497.0,5.623566183615031,1차 철강 제조업
C:306200,세아제강,2020,2020,B,3,57273.0,49.7824288661317,산업
C:306200,세아제강,2021,2021,B+,4,58932.0,39.35724840114485,산업
C:306200,세아제강,2022,2022,B,3,58090.0,32.239354371309254,1차 철강 제조업
C:306200,세아제강,2023,2023,B+,4,70201.0,37.72411871362547,1차 철강 제조업
C:306200,세아제강,2024,2024,B+,4,63961.0,35.80848119071552,1차 철강 제조업
C:306200,세아제강,2025,2025,B+,4,60115.0,43.81151575835892,1차 철강 제조업
C:019440,세아특수강,2020,2020,B,3,24445.0,51.812972108031595,철강
C:019440,세아특수강,2021,2021,B+,4,54939.0,86.56849314094498,산업
C:019440,세아특수강,2022,2022,C,2,54166.0,71.24781610592063,1차 철강 제조업
C:019440,세아특수강,2023,2023,B+,4,51138.0,68.8829146862073,1차 철강 제조업
C:019440,세아특수강,2024,2024,B+,4,54540.0,72.48639073304604,1차 철강 제조업
C:019440,세아특수강,2025,2025,B+,4,54160.0,75.32696645636912,1차 철강 제조업
C:027970,세하,2020,2020,B+,4,158282.0,835.1869629328838,제지
C:027970,세하,2021,2021,B,3,157368.0,769.771987166463,산업
C:068270,셀트리온,2020,2020,B,3,52602.0,31.129367251144252,석유화학
C:068270,셀트리온,2021,2021,C,2,54615.0,33.79975970669319,산업
C:068270,셀트리온,2022,2022,C,2,56517.0,29.170526765876456,기초 의약 물질 및 생물학적 제제 제조업
C:068270,셀트리온,2023,2023,B+,4,64717.0,34.5446575453047,기초 의약 물질 및 생물학적 제제 제조업
C:068270,셀트리온,2024,2024,A,5,79174.0,21.345224483138526,기초 의약 물질 및 생물학적 제제 제조업
C:068270,셀트리온,2025,2025,A,5,84191.0,28.74749771051005,기초 의약 물질 및 생물학적 제제 제조업
C:068760,셀트리온제약,2023,2023,D,1,15706.0,40.39667908279998,석유화학
C:068760,셀트리온제약,2024,2024,C,2,15490.0,32.41702684611141,석유화학
C:068760,셀트리온제약,2025,2025,B,3,14717.0,27.436598667651996,석유화학
C:357780,솔브레인,2024,2024,B+,4,48230.0,60.42213534551947,석유화학
C:357780,솔브레인,2025,2025,B+,4,50868.0,65.14092796490463,석유화학
C:004430,송원산업,2020,2020,B+,4,151611.0,245.13643213317897,석유화학
C:004430,송원산업,2021,2021,B,3,161905.0,193.24441261599975,산업
C:004430,송원산업,2022,2022,C,2,137452.0,120.00066350801929,기타 화학제품 제조업
C:004430,송원산업,2023,2023,B+,4,128812.0,162.44737977113195,기타 화학제품 제조업
C:004430,송원산업,2024,2024,B+,4,143654.0,159.9240312424855,기타 화학제품 제조업
C:004430,송원산업,2025,2025,B+,4,120436.0,142.95871698480508,기타 화학제품 제조업
C:033170,시그네틱스,2020,2020,B,3,40981.0,203.5749249134598,반도체
C:033170,시그네틱스,2021,2021,B,3,41264.0,152.91212086245926,산업
C:033170,시그네틱스,2022,2022,C,2,42881.0,149.09942004085616,반도체 제조업
C:033170,시그네틱스,2023,2023,C,2,38048.0,205.12756348249803,반도체 제조업
C:033170,시그네틱스,2024,2024,C,2,34225.0,289.67172799517624,반도체 제조업
C:033170,시그네틱스,2025,2025,C,2,26171.0,253.97222864326724,반도체 제조업
C:016590,신대양제지,2020,2020,C,2,212716.0,1125.2576100391582,제지
C:016590,신대양제지,2021,2021,C,2,210095.0,857.3953132662085,산업
C:016590,신대양제지,2022,2022,D,1,213510.0,944.452964302591,"펄프, 종이 및 판지 제조업"
C:016590,신대양제지,2023,2023,C,2,237744.0,1090.2205967720326,"펄프, 종이 및 판지 제조업"
C:016590,신대양제지,2024,2024,C,2,241875.0,1111.7572623942717,"펄프, 종이 및 판지 제조업"
C:016590,신대양제지,2025,2025,C,2,229035.0,1170.3528071735038,"펄프, 종이 및 판지 제조업"
C:011930,신성이엔지,2020,2020,C,2,10657.0,29.039728708898764,반도체
C:004170,신세계,2020,2020,B+,4,122985.0,84.24772352307207,건물
C:004170,신세계,2021,2021,A,5,118980.0,71.1775465604162,건물
C:004170,신세계,2022,2022,A,5,123212.0,66.04036921330456,종합 소매업
C:004170,신세계,2023,2023,A,5,124752.0,65.25510108152967,종합 소매업
C:004170,신세계,2024,2024,A,5,130801.0,65.73151599981034,종합 소매업
C:004170,신세계,2025,2025,A+,6,130937.0,65.3850390512305,종합 소매업
C:002870,신풍제지,2020,2020,B+,4,1078.0,44.93776852341341,제지
C:056700,신화인터텍,2020,2020,B,3,17822.0,73.96941646509838,전기전자
C:056700,신화인터텍,2021,2021,B,3,16785.0,77.05339276548993,전기전자
C:056700,신화인터텍,2022,2022,D,1,15153.0,82.26444349355555,전기전자
C:056700,신화인터텍,2023,2023,C,2,14196.0,84.5612663145767,전기전자
C:056700,신화인터텍,2024,2024,C,2,14440.0,62.601463519444906,전기전자
C:056700,신화인터텍,2025,2025,C,2,13230.0,63.972974202959556,전기전자
C:222800,심텍,2022,2022,C,2,101502.0,69.47882520415956,전자 부품 제조업
C:222800,심텍,2023,2023,B+,4,104764.0,128.76532869079708,전자 부품 제조업
C:222800,심텍,2024,2024,B+,4,106014.0,111.65357194186313,전자 부품 제조업
C:222800,심텍,2025,2025,A,5,110394.0,100.62439061040854,전자 부품 제조업
C:003410,쌍용씨앤이,2021,2021,A,5,10610902.0,9289.394911711383,산업
C:003410,쌍용씨앤이,2022,2022,B+,4,10670032.0,8025.918505516687,"시멘트, 석회, 플라스터 및 그 외 제품 제조업"
C:003410,쌍용씨앤이,2023,2023,B+,4,10736622.0,7385.206720671344,"시멘트, 석회, 플라스터 및 그 외 제품 제조업"
C:003620,쌍용자동차,2020,2020,B+,4,111052.0,37.90443174540545,자동차
C:025980,아난티,2025,2025,B,3,15653.0,127.08754408711845,건물
C:183190,아세아시멘트,2020,2020,B+,4,2460584.0,6973.279208777099,시멘트
C:183190,아세아시멘트,2021,2021,B+,4,2374957.0,5942.6408190674565,산업
C:183190,아세아시멘트,2022,2022,B,3,2343802.0,4886.679430473079,"시멘트, 석회, 플라스터 및 그 외 제품 제조업"
C:183190,아세아시멘트,2023,2023,B+,4,2403681.0,4281.053120815904,"시멘트, 석회, 플라스터 및 그 외 제품 제조업"
C:183190,아세아시멘트,2024,2024,A,5,2114034.0,4162.66497386105,"시멘트, 석회, 플라스터 및 그 외 제품 제조업"
C:183190,아세아시멘트,2025,2025,A,5,2189851.0,4795.93794348882,"시멘트, 석회, 플라스터 및 그 외 제품 제조업"
C:002310,아세아제지,2020,2020,C,2,494588.0,1155.4956740988166,제지
C:002310,아세아제지,2021,2021,C,2,502240.0,934.228609443605,산업
C:002310,아세아제지,2022,2022,C,2,480855.0,803.1858463382194,"펄프, 종이 및 판지 제조업"
C:002310,아세아제지,2023,2023,B,3,455531.0,857.6284417562764,"펄프, 종이 및 판지 제조업"
C:002310,아세아제지,2024,2024,B+,4,466661.0,887.3278631121952,"펄프, 종이 및 판지 제조업"
C:002310,아세아제지,2025,2025,B+,4,445541.0,918.0813531089589,"펄프, 종이 및 판지 제조업"
C:020560,아시아나항공,2020,2020,B+,4,309897.0,87.05280338123826,수송
C:020560,아시아나항공,2021,2021,B+,4,307634.0,75.0223085529105,수송
C:020560,아시아나항공,2022,2022,B+,4,316892.0,56.28614853071723,항공 여객 운송업
C:020560,아시아나항공,2023,2023,A,5,332356.0,50.88020856557489,항공 여객 운송업
C:020560,아시아나항공,2024,2024,A,5,306178.0,43.372821305761796,항공 여객 운송업
C:020560,아시아나항공,2025,2025,A,5,326401.0,52.67152439796824,항공 여객 운송업
C:139990,아주스틸,2023,2023,C,2,10821.0,21.53067151547598,기계
C:139990,아주스틸,2024,2024,C,2,13780.0,25.10135295204255,기계
C:139990,아주스틸,2025,2025,C,2,13577.0,22.794503239774926,기계
C:161000,애경케미칼,2021,2021,B,3,164957.0,147.76948913500556,산업
C:161000,애경케미칼,2022,2022,B+,4,178597.0,104.27318272741529,기초 화학물질 제조업
C:161000,애경케미칼,2023,2023,A,5,180260.0,127.4390151637943,기초 화학물질 제조업
C:161000,애경케미칼,2024,2024,B+,4,165838.0,126.57217351127268,기초 화학물질 제조업
C:161000,애경케미칼,2025,2025,A,5,146386.0,132.05562159759958,기초 화학물질 제조업
C:005850,에스엘,2020,2020,B,3,50354.0,28.94914511335312,전기전자
C:005850,에스엘,2021,2021,B+,4,49817.0,24.980574428809764,전기전자
C:005850,에스엘,2022,2022,B,3,50877.0,21.63497538415921,전기전자
C:005850,에스엘,2023,2023,B+,4,55666.0,20.96244431575358,전기전자
C:005850,에스엘,2024,2024,B+,4,54187.0,20.20337098766478,전기전자
C:005850,에스엘,2025,2025,B+,4,52904.0,17.818617698709527,전기전자
C:237690,에스티팜,2025,2025,A,5,24014.0,81.90918849401353,석유화학
C:298690,에어부산,2020,2020,C,2,177298.0,933.5509161313933,수송
C:298690,에어부산,2021,2021,C,2,217656.0,1233.1661576183753,수송
C:298690,에어부산,2022,2022,C,2,213859.0,528.0561445949027,항공 여객 운송업
C:298690,에어부산,2023,2023,C,2,172964.0,194.24546548276894,항공 여객 운송업
C:298690,에어부산,2024,2024,B+,4,163093.0,161.99743612815098,항공 여객 운송업
C:298690,에어부산,2025,2025,B+,4,121442.0,145.86130197787915,항공 여객 운송업
C:003060,에이프로젠바이오로직스,2023,2023,D,1,21973.0,,석유화학
C:003060,에이프로젠바이오로직스,2024,2024,C,2,17335.0,327.0043673008571,의약품 제조업
C:003060,에이프로젠바이오로직스,2025,2025,C,2,24128.0,494.01224860037865,의약품 제조업
C:247540,에코프로비엠,2021,2021,B,3,79997.0,53.82879854355879,전기전자
C:247540,에코프로비엠,2022,2022,C,2,122737.0,35.93725263187003,전기전자
C:247540,에코프로비엠,2023,2023,B+,4,125140.0,39.782087603093224,일차전지 및 축전지 제조업
C:247540,에코프로비엠,2024,2024,B,3,68312.0,98.5114087687756,일차전지 및 축전지 제조업
C:247540,에코프로비엠,2025,2025,B,3,89198.0,92.43780575819402,일차전지 및 축전지 제조업
C:066970,엘앤에프,2020,2020,B,3,32719.0,91.9155884784978,전기전자
C:066970,엘앤에프,2021,2021,B,3,92047.0,95.24508148362237,산업
C:066970,엘앤에프,2022,2022,D,1,122213.0,31.447737067132557,전자 부품 제조업
C:066970,엘앤에프,2023,2023,B,3,151192.0,32.867509631007124,전자 부품 제조업
C:066970,엘앤에프,2024,2024,B+,4,138295.0,72.66547080620568,전자 부품 제조업
C:066970,엘앤에프,2025,2025,B+,4,138417.0,64.39142337825443,전자 부품 제조업
C:010120,엘에스일렉트릭,2022,2022,B+,4,20547.0,8.998134298303055,전기전자
C:010120,엘에스일렉트릭,2023,2023,A,5,18486.0,6.153167492512507,전기전자
C:010120,엘에스일렉트릭,2024,2024,A,5,16427.0,5.28460867303356,전기전자
C:010120,엘에스일렉트릭,2025,2025,A+,6,18630.0,5.3801303692670865,전기전자
C:014440,영보화학,2020,2020,B,3,14402.0,166.57996691589514,석유화학
C:014440,영보화학,2021,2021,B,3,13978.0,165.85358571424985,석유화학
C:014440,영보화학,2022,2022,C,2,13159.0,162.5192551254849,석유화학
C:014440,영보화학,2023,2023,C,2,12126.0,166.3910613573595,석유화학
C:000670,영풍,2020,2020,D,1,1147625.0,930.478744269661,비철금속
C:000670,영풍,2021,2021,D,1,1201539.0,900.3937254459938,산업
C:000670,영풍,2022,2022,C,2,1072320.0,597.855900722824,1차 비철금속 제조업
C:000670,영풍,2023,2023,B+,4,1109762.0,717.5240404257507,1차 비철금속 제조업
C:000670,영풍,2024,2024,C,2,766796.0,727.9839354522321,1차 비철금속 제조업
C:000670,영풍,2025,2025,B,3,617308.0,517.5865083650028,1차 비철금속 제조업
C:006740,영풍제지,2020,2020,B,3,116866.0,1190.624826391112,제지
C:006740,영풍제지,2021,2021,B,3,115395.0,956.7320209122338,산업
C:006740,영풍제지,2022,2022,C,2,104904.0,994.7972960192342,"펄프, 종이 및 판지 제조업"
C:006740,영풍제지,2023,2023,C,2,91010.0,,"펄프, 종이 및 판지 제조업"
C:006740,영풍제지,2024,2024,C,2,91679.0,1120.0716697677449,"펄프, 종이 및 판지 제조업"
C:012280,영화금속,2020,2020,B,3,86925.0,484.5383368867291,철강
C:012280,영화금속,2021,2021,C,2,95331.0,404.7616912888616,산업
C:012280,영화금속,2022,2022,D,1,91372.0,320.77138743426787,금속 주조업
C:012280,영화금속,2023,2023,C,2,80900.0,276.75936353821055,금속 주조업
C:012280,영화금속,2024,2024,C,2,87847.0,291.1742086043947,금속 주조업
C:012280,영화금속,2025,2025,C,2,89054.0,253.4090945688098,금속 주조업
C:007310,오뚜기,2020,2020,B+,4,58050.0,25.182051523277906,산업
C:007310,오뚜기,2021,2021,B+,4,94342.0,39.07236122224851,산업
C:007310,오뚜기,2022,2022,C,2,89065.0,32.272140834823375,기타 식품 제조업
C:007310,오뚜기,2023,2023,B+,4,89711.0,31.232604062632976,기타 식품 제조업
C:007310,오뚜기,2024,2024,A,5,93135.0,31.821799677235102,기타 식품 제조업
C:007310,오뚜기,2025,2025,A,5,87975.0,29.436318102206677,기타 식품 제조업
C:271560,오리온,2020,2020,B,3,67947.0,88.3319644718913,음식료품
C:271560,오리온,2021,2021,A,5,65129.0,80.66791521003897,산업
C:271560,오리온,2022,2022,B+,4,67703.0,72.0925286852764,기타 식품 제조업
C:271560,오리온,2023,2023,A,5,71408.0,66.73684533152434,기타 식품 제조업
C:271560,오리온,2024,2024,A,5,74067.0,67.48005795979358,기타 식품 제조업
C:271560,오리온,2025,2025,B+,4,75362.0,65.77018709616098,기타 식품 제조업
C:014830,유니드,2020,2020,B,3,385154.0,679.952369109054,석유화학
C:014830,유니드,2021,2021,B,3,351589.0,519.2748476556154,산업
C:014830,유니드,2022,2022,C,2,307436.0,387.89760289201877,기초 화학물질 제조업
C:014830,유니드,2023,2023,B+,4,285162.0,441.5655243756142,기초 화학물질 제조업
C:014830,유니드,2024,2024,B,3,300606.0,493.36231220911924,기초 화학물질 제조업
C:014830,유니드,2025,2025,B,3,291574.0,484.5431106312478,기초 화학물질 제조업
C:446070,유니드비티플러스,2024,2024,C,2,54199.0,278.0946334181754,나무제품 제조업
C:446070,유니드비티플러스,2025,2025,C,2,49165.0,312.096530081206,나무제품 제조업
C:000910,유니온,2020,2020,C,2,170797.0,1785.0094479053903,산업
C:000910,유니온,2021,2021,B,3,160634.0,1644.8096726085946,산업
C:000910,유니온,2022,2022,C,2,153644.0,1411.7235499922017,"시멘트, 석회, 플라스터 및 그 외 제품 제조업"
C:000910,유니온,2023,2023,C,2,144922.0,1342.2815606779673,"시멘트, 석회, 플라스터 및 그 외 제품 제조업"
C:000910,유니온,2024,2024,C,2,142490.0,1313.324038883962,"시멘트, 석회, 플라스터 및 그 외 제품 제조업"
C:000910,유니온,2025,2025,C,2,113709.0,1133.8446981623806,"시멘트, 석회, 플라스터 및 그 외 제품 제조업"
C:047400,유니온머티리얼,2022,2022,D,1,43244.0,344.18820328707517,"내화, 비내화 요업제품 제조업"
C:047400,유니온머티리얼,2023,2023,C,2,38832.0,334.37038915147326,"내화, 비내화 요업제품 제조업"
C:047400,유니온머티리얼,2024,2024,C,2,37845.0,349.43718116338454,"내화, 비내화 요업제품 제조업"
C:047400,유니온머티리얼,2025,2025,C,2,35633.0,351.475188394102,"내화, 비내화 요업제품 제조업"
C:002920,유성기업,2022,2022,C,2,14955.0,50.58426392848104,자동차
C:002920,유성기업,2023,2023,C,2,14327.0,46.21589510439257,자동차
C:002920,유성기업,2024,2024,C,2,13596.0,42.10181168173962,자동차
C:002920,유성기업,2025,2025,C,2,13750.0,45.35763382072067,자동차
C:000100,유한양행,2023,2023,B+,4,17136.0,9.472207240247583,석유화학
C:000100,유한양행,2024,2024,B+,4,17597.0,8.761896640276788,석유화학
C:000100,유한양행,2025,2025,B+,4,17405.0,8.265814690277084,석유화학
C:008730,율촌화학,2020,2020,C,2,51626.0,103.5525343800731,석유화학
C:008730,율촌화학,2021,2021,B,3,99514.0,194.1449459086725,산업
C:008730,율촌화학,2022,2022,C,2,92917.0,192.9750060427696,플라스틱 제품 제조업
C:008730,율촌화학,2023,2023,C,2,84865.0,215.80071810908606,플라스틱 제품 제조업
C:008730,율촌화학,2024,2024,C,2,81954.0,188.00091056842854,플라스틱 제품 제조업
C:008730,율촌화학,2025,2025,C,2,87772.0,188.46656864816478,플라스틱 제품 제조업
C:025820,이구산업,2020,2020,B,3,29971.0,147.6866316767213,비철금속
C:025820,이구산업,2021,2021,B,3,33795.0,101.07468093345159,산업
C:025820,이구산업,2022,2022,C,2,32986.0,76.77970253610863,1차 비철금속 제조업
C:025820,이구산업,2023,2023,C,2,34607.0,79.85496513907728,1차 비철금속 제조업
C:025820,이구산업,2024,2024,C,2,36264.0,76.7829375720923,1차 비철금속 제조업
C:025820,이구산업,2025,2025,C,2,35955.0,70.80772709787723,1차 비철금속 제조업
C:272290,이녹스첨단소재,2020,2020,C,2,24193.0,73.81514925562239,전기전자
C:272290,이녹스첨단소재,2021,2021,B,3,25783.0,57.82872754150976,전기전자
C:272290,이녹스첨단소재,2022,2022,C,2,27554.0,63.670215787237716,전기전자
C:272290,이녹스첨단소재,2023,2023,B+,4,28019.0,77.96113838945784,전자 부품 제조업
C:272290,이녹스첨단소재,2024,2024,B+,4,30420.0,76.05244635869799,전자 부품 제조업
C:272290,이녹스첨단소재,2025,2025,B+,4,29981.0,75.50350553309102,전자 부품 제조업
C:139480,이마트,2020,2020,A,5,520557.0,36.62346622674914,건물
C:139480,이마트,2021,2021,A,5,527716.0,35.05530816158499,건물
C:139480,이마트,2022,2022,A+,6,541669.0,34.97611928275974,종합 소매업
C:139480,이마트,2023,2023,A,5,490603.0,,종합 소매업
C:139480,이마트,2024,2024,A,5,522497.0,33.55872536577464,종합 소매업
C:139480,이마트,2025,2025,A+,6,551659.0,33.17480076907388,종합 소매업
C:007660,이수페타시스,2020,2020,B+,4,52566.0,156.88186347642326,전기전자
C:007660,이수페타시스,2021,2021,B,3,51187.0,140.81749290325902,산업
C:007660,이수페타시스,2022,2022,B,3,41275.0,83.01279597880051,전자 부품 제조업
C:007660,이수페타시스,2023,2023,B,3,59064.0,102.00237644624767,전자 부품 제조업
C:007660,이수페타시스,2024,2024,B+,4,49020.0,68.20373194830549,전자 부품 제조업
C:007660,이수페타시스,2025,2025,B+,4,53980.0,58.06393397485597,전자 부품 제조업
C:005950,이수화학,2020,2020,B,3,299652.0,317.60721536770006,석유화학
C:005950,이수화학,2021,2021,B,3,340851.0,258.47964911226666,산업
C:005950,이수화학,2022,2022,B,3,235526.0,138.82865213788176,기초 화학물질 제조업
C:005950,이수화학,2023,2023,B,3,256187.0,,기초 화학물질 제조업
C:005950,이수화학,2024,2024,B+,4,277942.0,188.43269142493378,기초 화학물질 제조업
C:005950,이수화학,2025,2025,B,3,264175.0,191.74909456447725,기초 화학물질 제조업
C:129260,인터지스,2020,2020,B,3,33532.0,80.14566774336873,교통(화물)
C:129260,인터지스,2021,2021,B,3,35322.0,65.025575233102,수송
C:129260,인터지스,2022,2022,C,2,35033.0,52.48797750703094,도로 화물 운송업
C:129260,인터지스,2023,2023,C,2,32986.0,58.696075875332106,도로 화물 운송업
C:129260,인터지스,2024,2024,C,2,32691.0,50.67706478447173,도로 화물 운송업
C:129260,인터지스,2025,2025,C,2,32941.0,50.22728267204834,도로 화물 운송업
C:051370,인터플렉스,2020,2020,B,3,47926.0,192.62562577821086,전기전자
C:051370,인터플렉스,2021,2021,B,3,37985.0,122.39415851341923,산업
C:051370,인터플렉스,2022,2022,C,2,33983.0,124.32517783512903,전자 부품 제조업
C:051370,인터플렉스,2023,2023,C,2,34848.0,133.13858142568716,전자 부품 제조업
C:051370,인터플렉스,2024,2024,C,2,36807.0,136.63966764333387,전자 부품 제조업
C:051370,인터플렉스,2025,2025,B,3,34977.0,129.6237627674046,전자 부품 제조업
C:003200,일신방직,2020,2020,B,3,60771.0,206.86759314374225,섬유
C:003200,일신방직,2021,2021,B,3,53148.0,128.24467373124003,산업
C:003200,일신방직,2022,2022,C,2,52688.0,135.60438993599846,방적 및 가공사 제조업
C:003200,일신방직,2023,2023,C,2,50724.0,158.44617655812783,방적 및 가공사 제조업
C:003200,일신방직,2024,2024,C,2,50727.0,157.83070907402427,방적 및 가공사 제조업
C:003200,일신방직,2025,2025,C,2,48806.0,169.09007043185085,방적 및 가공사 제조업
C:020150,일진머티리얼즈,2020,2020,B,3,111175.0,381.01162141136234,비철금속
C:020150,일진머티리얼즈,2021,2021,C,2,112770.0,319.50615475369705,산업
C:103590,일진전기,2025,2025,C,2,14993.0,7.4287959005073025,비철금속
C:000950,전방,2020,2020,C,2,44092.0,420.85387614059,섬유
C:000950,전방,2021,2021,C,2,45205.0,337.9933692023431,섬유
C:000950,전방,2022,2022,C,2,40056.0,320.6684939626966,섬유
C:000950,전방,2023,2023,C,2,35256.0,372.0069982241399,섬유
C:000950,전방,2024,2024,C,2,17410.0,304.18002434966303,섬유
C:000950,전방,2025,2025,C,2,13549.0,332.2750756301406,섬유
C:089590,제주항공,2020,2020,C,2,216608.0,579.11793224667,항공
C:089590,제주항공,2021,2021,B,3,306835.0,1133.1709205467034,수송
C:089590,제주항공,2022,2022,C,2,300011.0,431.288426002767,항공 여객 운송업
C:089590,제주항공,2023,2023,A,5,228974.0,134.74439569310863,항공 여객 운송업
C:089590,제주항공,2024,2024,A+,6,228618.0,123.15948290295562,항공 여객 운송업
C:089590,제주항공,2025,2025,A,5,217390.0,144.91612570322002,항공 여객 운송업
C:004700,조광피혁,2020,2020,D,1,9904.0,101.77110560718474,섬유
C:000480,조선내화,2020,2020,B,3,19451.0,44.07411900643819,요업
C:000480,조선내화,2021,2021,B,3,18537.0,42.18354418080897,요업
C:000480,조선내화,2022,2022,C,2,21341.0,45.16546896253506,요업
C:462520,조선내화,2025,2025,B+,4,19115.0,39.63763237087383,요업
C:018470,조일알미늄,2020,2020,B,3,87236.0,262.03813306504713,비철금속
C:018470,조일알미늄,2021,2021,B,3,89611.0,191.91424756846624,산업
C:018470,조일알미늄,2022,2022,C,2,85910.0,152.76004288772566,1차 비철금속 제조업
C:018470,조일알미늄,2023,2023,C,2,82972.0,178.13412605173787,1차 비철금속 제조업
C:018470,조일알미늄,2024,2024,C,2,84268.0,169.0864173382218,1차 비철금속 제조업
C:018470,조일알미늄,2025,2025,C,2,75944.0,156.04545885430298,1차 비철금속 제조업
C:002600,조흥,2022,2022,C,2,17073.0,53.45425602505064,식료품 제조업
C:002600,조흥,2023,2023,C,2,15208.0,37.31864596556508,식료품 제조업
C:002600,조흥,2024,2024,B+,4,16363.0,39.75994348140795,식료품 제조업
C:002600,조흥,2025,2025,B,3,16678.0,34.622035730299366,식료품 제조업
C:185750,종근당,2022,2022,B+,4,17349.0,11.783252371875781,석유화학
C:185750,종근당,2023,2023,A,5,18547.0,11.243052909657665,석유화학
C:185750,종근당,2024,2024,A,5,19934.0,12.783579862332422,석유화학
C:185750,종근당,2025,2025,A,5,20094.0,11.95223246640068,석유화학
C:063160,종근당바이오,2020,2020,B,3,92454.0,743.6842091685639,석유화학
C:063160,종근당바이오,2021,2021,B+,4,90364.0,636.1757232773978,산업
C:063160,종근당바이오,2022,2022,B,3,88465.0,567.2719299264274,기초 의약 물질 및 생물학적 제제 제조업
C:063160,종근당바이오,2023,2023,A,5,90700.0,565.6278670754787,기초 의약 물질 및 생물학적 제제 제조업
C:063160,종근당바이오,2024,2024,B+,4,92309.0,537.4426239108121,기초 의약 물질 및 생물학적 제제 제조업
C:063160,종근당바이오,2025,2025,A,5,89316.0,557.9774433229609,기초 의약 물질 및 생물학적 제제 제조업
C:036930,주성엔지니어링,2020,2020,B,3,7670.0,64.71180675284555,기계
C:036930,주성엔지니어링,2021,2021,B,3,3095.0,8.209114443341836,기계
C:036930,주성엔지니어링,2022,2022,C,2,3936.0,8.991247753318136,기계
C:036930,주성엔지니어링,2023,2023,B+,4,3987.0,14.00471981993778,기계
C:036930,주성엔지니어링,2024,2024,B+,4,19662.0,48.02893140582018,기계
C:036930,주성엔지니어링,2025,2025,B+,4,21858.0,70.35249976508538,기계
C:272450,진에어,2020,2020,C,2,195392.0,718.9633261588958,항공
C:272450,진에어,2021,2021,C,2,294326.0,1190.681768659662,수송
C:272450,진에어,2022,2022,B,3,288882.0,486.801696968565,항공 여객 운송업
C:272450,진에어,2023,2023,A,5,224824.0,176.02580548937797,항공 여객 운송업
C:272450,진에어,2024,2024,A+,6,217123.0,148.58587488017633,항공 여객 운송업
C:272450,진에어,2025,2025,A+,6,234976.0,170.13922587274877,항공 여객 운송업
C:000650,천일고속,2020,2020,C,2,19302.0,619.4593791383794,교통(여객)
C:000650,천일고속,2021,2021,C,2,18243.0,621.7165349696852,수송
C:000650,천일고속,2022,2022,D,1,19773.0,524.4385304102213,육상 여객 운송업
C:000650,천일고속,2023,2023,C,2,21416.0,486.7443555624874,육상 여객 운송업
C:000650,천일고속,2024,2024,C,2,21368.0,477.8508331920776,육상 여객 운송업
C:000650,천일고속,2025,2025,C,2,21102.0,463.2684203884655,육상 여객 운송업
C:035720,카카오,2025,2025,A,5,31955.0,11.919676799985142,통신
C:006380,카프로,2020,2020,B+,4,719679.0,2825.342718025113,산업
C:006380,카프로,2021,2021,B,3,862826.0,1481.4265502382978,산업
C:006380,카프로,2022,2022,C,2,576554.0,1349.651478374689,기초 화학물질 제조업
C:006380,카프로,2023,2023,C,2,143088.0,1892.8382064364084,기초 화학물질 제조업
C:006380,카프로,2024,2024,C,2,12244.0,,기초 화학물질 제조업
C:006380,카프로,2025,2025,C,2,36983.0,1501.0808137616414,기초 화학물질 제조업
C:029460,케이씨,2020,2020,B,3,142704.0,915.9064379394569,석유화학
C:029460,케이씨,2021,2021,B,3,170879.0,1038.7918991080896,산업
C:029460,케이씨,2022,2022,D,1,182989.0,864.0567615550742,기초 화학물질 제조업
C:029460,케이씨,2023,2023,C,2,181514.0,1083.4464674911626,기초 화학물질 제조업
C:029460,케이씨,2024,2024,C,2,181558.0,1213.4326833338266,기초 화학물질 제조업
C:029460,케이씨,2025,2025,C,2,166188.0,1118.8804389148775,기초 화학물질 제조업
C:002380,케이씨씨,2020,2020,B+,4,540411.0,260.834906121802,유리
C:002380,케이씨씨,2021,2021,B+,4,577066.0,252.3699342396528,산업
C:002380,케이씨씨,2022,2022,B+,4,603499.0,223.37704214817435,"시멘트, 석회, 플라스터 및 그 외 제품 제조업"
C:002380,케이씨씨,2023,2023,A,5,637871.0,212.6579336470272,"시멘트, 석회, 플라스터 및 그 외 제품 제조업"
C:002380,케이씨씨,2024,2024,B+,4,611594.0,195.5892534330943,"시멘트, 석회, 플라스터 및 그 외 제품 제조업"
C:002380,케이씨씨,2025,2025,B+,4,545209.0,185.71535539500152,"시멘트, 석회, 플라스터 및 그 외 제품 제조업"
C:344820,케이씨씨글라스,2022,2022,B+,4,730232.0,508.5802276724208,유리 및 유리제품 제조업
C:344820,케이씨씨글라스,2023,2023,A,5,730329.0,434.7052441280205,유리 및 유리제품 제조업
C:344820,케이씨씨글라스,2024,2024,A,5,718215.0,377.3482392892296,유리 및 유리제품 제조업
C:344820,케이씨씨글라스,2025,2025,A,5,735831.0,393.30083073010223,유리 및 유리제품 제조업
C:030200,케이티,2020,2020,A,5,1221706.0,68.33082381780342,통신
C:030200,케이티,2021,2021,A+,6,1072375.0,58.321079493745565,산업
C:030200,케이티,2022,2022,A,5,1108634.0,60.61672426792077,전기 통신업
C:030200,케이티,2023,2023,B+,4,1127466.0,61.370593927954566,전기 통신업
C:030200,케이티,2024,2024,A,5,1141171.0,61.42038629517691,전기 통신업
C:030200,케이티,2025,2025,A,5,1124625.0,58.19828209693799,전기 통신업
C:033780,케이티앤지,2020,2020,B+,4,113784.0,33.12118598215353,음식료품
C:033780,케이티앤지,2021,2021,A,5,109139.0,31.267836069465282,산업
C:033780,케이티앤지,2022,2022,A,5,108541.0,29.38020593731862,담배 제조업
C:033780,케이티앤지,2023,2023,A+,6,108517.0,30.255421702870834,담배 제조업
C:033780,케이티앤지,2024,2024,A,5,104110.0,28.103293573197057,담배 제조업
C:033780,케이티앤지,2025,2025,A,5,101746.0,24.543870123447853,담배 제조업
C:007810,코리아써키트,2020,2020,B+,4,93862.0,166.724492674318,전기전자
C:007810,코리아써키트,2021,2021,B+,4,109491.0,169.21131627964053,산업
C:007810,코리아써키트,2022,2022,C,2,121397.0,150.88377577695098,전자 부품 제조업
C:007810,코리아써키트,2023,2023,C,2,121769.0,191.94724444105051,전자 부품 제조업
C:007810,코리아써키트,2024,2024,B,3,127197.0,176.4933213294073,전자 부품 제조업
C:007810,코리아써키트,2025,2025,B,3,134543.0,155.90434963669148,전자 부품 제조업
C:005070,코스모신소재,2020,2020,B+,4,36750.0,179.92416604395817,석유화학
C:005070,코스모신소재,2021,2021,B,3,48252.0,157.74138362879896,산업
C:005070,코스모신소재,2022,2022,C,2,42571.0,87.66585733014512,기타 화학제품 제조업
C:005070,코스모신소재,2023,2023,C,2,51887.0,82.41542157742775,기타 화학제품 제조업
C:005070,코스모신소재,2024,2024,C,2,62428.0,109.57498218781281,기타 화학제품 제조업
C:005070,코스모신소재,2025,2025,C,2,33051.0,72.43326935703985,기타 화학제품 제조업
C:005420,코스모화학,2020,2020,B,3,121370.0,1076.027056499528,석유화학
C:005420,코스모화학,2021,2021,B,3,96411.0,568.8697160138832,산업
C:005420,코스모화학,2022,2022,C,2,90160.0,408.123440941058,기초 화학물질 제조업
C:005420,코스모화학,2023,2023,C,2,80349.0,502.81178189825175,기초 화학물질 제조업
C:005420,코스모화학,2024,2024,C,2,94980.0,550.7513395594833,기초 화학물질 제조업
C:005420,코스모화학,2025,2025,C,2,96231.0,479.86093462626206,기초 화학물질 제조업
C:029960,코엔텍,2020,2020,B,3,411703.0,5812.566242559255,폐기물
C:029960,코엔텍,2021,2021,B,3,341979.0,4615.429997627102,폐기물
C:029960,코엔텍,2022,2022,C,2,311988.0,3455.536261229282,폐기물 처리업
C:029960,코엔텍,2023,2023,C,2,325970.0,4138.5802653969895,폐기물 처리업
C:144620,코오롱머티리얼,2020,2020,C,2,16943.0,248.89550370797724,섬유
C:138490,코오롱플라스틱,2020,2020,B,3,108625.0,369.9190168832184,석유화학
C:138490,코오롱플라스틱,2021,2021,B,3,176836.0,436.3856960819291,산업
C:138490,코오롱플라스틱,2022,2022,C,2,130444.0,254.64246126924186,합성고무 및 플라스틱 물질 제조업
C:014580,태경비케이,2021,2021,C,2,532541.0,3774.4525474947254,산업
C:014580,태경비케이,2022,2022,C,2,557638.0,1953.6111037043859,"시멘트, 석회, 플라스터 및 그 외 제품 제조업"
C:014580,태경비케이,2023,2023,C,2,618225.0,2767.1485334775084,"시멘트, 석회, 플라스터 및 그 외 제품 제조업"
C:014580,태경비케이,2024,2024,C,2,611753.0,2576.0291563319934,"시멘트, 석회, 플라스터 및 그 외 제품 제조업"
C:014580,태경비케이,2025,2025,C,2,644398.0,2936.406160789737,"시멘트, 석회, 플라스터 및 그 외 제품 제조업"
C:015890,태경산업,2020,2020,B,3,94571.0,906.6098923942926,철강
C:015890,태경산업,2021,2021,C,2,89966.0,677.7689665200478,산업
C:015890,태경산업,2022,2022,C,2,114229.0,723.8901030466136,1차 철강 제조업
C:015890,태경산업,2023,2023,C,2,109006.0,765.1516844182875,1차 철강 제조업
C:015890,태경산업,2024,2024,C,2,99941.0,703.1984115663411,1차 철강 제조업
C:015890,태경산업,2025,2025,C,2,65495.0,474.3560896947986,1차 철강 제조업
C:003240,태광산업,2020,2020,B,3,1064433.0,711.697383095988,산업
C:003240,태광산업,2021,2021,B,3,1097863.0,499.53298028361144,산업
C:003240,태광산업,2022,2022,D,1,1029297.0,429.5983590214857,기초 화학물질 제조업
C:003240,태광산업,2023,2023,C,2,955839.0,472.07955216117296,기초 화학물질 제조업
C:003240,태광산업,2024,2024,B+,4,895831.0,472.6835106324941,기초 화학물질 제조업
C:003240,태광산업,2025,2025,A,5,658194.0,384.62627883644865,기초 화학물질 제조업
C:004100,태양금속공업,2020,2020,B+,4,18198.0,67.02592472672372,기계
C:004100,태양금속공업,2021,2021,B,3,19999.0,67.18546334976408,기계
C:004100,태양금속공업,2022,2022,D,1,22240.0,65.0377268260201,기계
C:004100,태양금속공업,2023,2023,C,2,21302.0,56.88383114329634,기계
C:004100,태양금속공업,2024,2024,C,2,20806.0,55.80666960678036,기계
C:004100,태양금속공업,2025,2025,C,2,21390.0,61.2708624104125,기계
C:009410,태영건설,2024,2024,B+,4,19192.0,7.594783924198112,건설
C:009410,태영건설,2025,2025,B+,4,17456.0,9.181767643803854,건설
C:064760,티씨케이,2020,2020,C,2,26302.0,115.25362337430538,전기전자
C:064760,티씨케이,2021,2021,B,3,33660.0,124.31372265202022,전기전자
C:064760,티씨케이,2022,2022,D,1,35850.0,112.18450939649264,전기전자
C:064760,티씨케이,2023,2023,B,3,32586.0,143.7705083645412,기타 비금속 광물제품 제조업
C:064760,티씨케이,2024,2024,B,3,34496.0,125.11023515008786,기타 비금속 광물제품 제조업
C:064760,티씨케이,2025,2025,B+,4,36433.0,120.90558444937905,기타 비금속 광물제품 제조업
C:069260,티케이지휴켐스,2022,2022,B,3,52431.0,42.4254679567792,기초 화학물질 제조업
C:069260,티케이지휴켐스,2023,2023,B+,4,79477.0,75.49901083922113,기초 화학물질 제조업
C:069260,티케이지휴켐스,2024,2024,B+,4,108678.0,92.21695840338268,기초 화학물질 제조업
C:069260,티케이지휴켐스,2025,2025,B,3,121664.0,112.41908961438048,기초 화학물질 제조업
C:104480,티케이케미칼,2020,2020,C,2,153988.0,374.6419037237565,섬유
C:104480,티케이케미칼,2021,2021,C,2,194332.0,288.5003911905594,산업
C:104480,티케이케미칼,2022,2022,C,2,175494.0,232.9522587795182,화학섬유 제조업
C:104480,티케이케미칼,2023,2023,C,2,101603.0,244.0517976075311,화학섬유 제조업
C:104480,티케이케미칼,2024,2024,C,2,61590.0,181.37394337710364,화학섬유 제조업
C:104480,티케이케미칼,2025,2025,C,2,61951.0,179.17537193915192,화학섬유 제조업
C:001020,페이퍼코리아,2020,2020,C,2,87873.0,340.05025479760747,제지
C:001020,페이퍼코리아,2021,2021,B,3,98319.0,423.9943689663159,산업
C:001020,페이퍼코리아,2022,2022,C,2,93725.0,363.0793561341459,"펄프, 종이 및 판지 제조업"
C:001020,페이퍼코리아,2023,2023,C,2,92403.0,356.55376218038504,"펄프, 종이 및 판지 제조업"
C:001020,페이퍼코리아,2024,2024,C,2,88730.0,342.01189440866483,"펄프, 종이 및 판지 제조업"
C:001020,페이퍼코리아,2025,2025,C,2,82690.0,346.48928276919213,"펄프, 종이 및 판지 제조업"
C:090080,평화산업,2020,2020,B,3,24540.0,72.48280204363917,자동차
C:090080,평화산업,2021,2021,B+,4,27993.0,66.26234572742055,산업
C:090080,평화산업,2022,2022,D,1,31260.0,60.42167730181304,고무제품 제조업
C:090080,평화산업,2023,2023,D,1,32191.0,57.43715322095442,고무제품 제조업
C:090080,평화산업,2024,2024,B,3,31733.0,54.468910560246734,고무제품 제조업
C:090080,평화산업,2025,2025,B+,4,31923.0,51.65320054439381,고무제품 제조업
C:005490,포스코,2020,2020,A,5,75671169.0,2854.447230560911,철강
C:058430,포스코강판,2020,2020,B+,4,124169.0,142.688280812167,철강
C:058430,포스코스틸리온,2022,2022,B+,4,108431.0,91.76431798953834,1차 철강 제조업
C:058430,포스코스틸리온,2023,2023,A,5,114417.0,101.02955549798156,1차 철강 제조업
C:058430,포스코스틸리온,2024,2024,A,5,120953.0,102.87143086348004,1차 철강 제조업
C:058430,포스코스틸리온,2025,2025,A,5,115823.0,105.87217979624977,1차 철강 제조업
C:047050,포스코인터내셔널,2022,2022,B+,4,4189818.0,128.65567196509178,전기업
C:047050,포스코인터내셔널,2023,2023,A,5,4218056.0,147.81049966030307,전기업
C:047050,포스코인터내셔널,2024,2024,B+,4,4831068.0,176.38884370126834,전기업
C:047050,포스코인터내셔널,2025,2025,B+,4,4000620.0,148.4096752062182,전기업
C:003670,포스코케미칼,2020,2020,A,5,2271031.0,1490.035278112842,요업
C:003670,포스코케미칼,2021,2021,A,5,2441598.0,1258.8645471718864,산업
C:003670,포스코퓨처엠,2023,2023,A,5,2388829.0,535.9482542594251,"시멘트, 석회, 플라스터 및 그 외 제품 제조업"
C:003670,포스코퓨처엠,2024,2024,A+,6,2298133.0,636.7804475592832,"시멘트, 석회, 플라스터 및 그 외 제품 제조업"
C:003670,포스코퓨처엠,2025,2025,A,5,2200344.0,821.953529719087,"시멘트, 석회, 플라스터 및 그 외 제품 제조업"
C:005490,포스코홀딩스,2021,2021,A,5,6349.0,0.15904228603417336,산업
C:103140,풍산,2020,2020,B+,4,218075.0,112.15329277659818,비철금속
C:103140,풍산,2021,2021,B,3,230310.0,90.10544539969834,산업
C:103140,풍산,2022,2022,C,2,228003.0,70.00045851427073,1차 비철금속 제조업
C:103140,풍산,2023,2023,B+,4,224240.0,72.32254187378794,1차 비철금속 제조업
C:103140,풍산,2024,2024,B,3,240625.0,68.69902224681488,1차 비철금속 제조업
C:103140,풍산,2025,2025,B,3,246374.0,64.00808956394813,1차 비철금속 제조업
C:067310,하나마이크론,2022,2022,C,2,39899.0,65.60858371110103,반도체 제조업
C:067310,하나마이크론,2023,2023,B+,4,38134.0,65.53796919449296,반도체 제조업
C:067310,하나마이크론,2024,2024,B+,4,36237.0,45.43138452771513,반도체 제조업
C:067310,하나마이크론,2025,2025,B+,4,35284.0,33.444612674885704,반도체 제조업
C:166090,하나머티리얼즈,2022,2022,D,1,28623.0,93.1361126413302,반도체
C:166090,하나머티리얼즈,2023,2023,B+,4,20428.0,87.59325544542074,반도체
C:166090,하나머티리얼즈,2024,2024,B,3,25908.0,103.47827980627936,반도체
C:166090,하나머티리얼즈,2025,2025,B+,4,26349.0,96.56222207524087,반도체
C:136480,하림,2020,2020,C,2,102068.0,117.365701551561,음식료품
C:136480,하림,2021,2021,B,3,99442.0,91.46687027389268,산업
C:136480,하림,2022,2022,C,2,98062.0,76.02546308183369,"도축, 육류 가공 및 저장 처리업"
C:136480,하림,2023,2023,A,5,100371.0,73.89237738132755,"도축, 육류 가공 및 저장 처리업"
C:136480,하림,2024,2024,A,5,102619.0,83.17677657127453,"도축, 육류 가공 및 저장 처리업"
C:136480,하림,2025,2025,A,5,103224.0,74.1227609053595,"도축, 육류 가공 및 저장 처리업"
C:000080,하이트진로,2020,2020,B,3,143674.0,70.10921198167289,음식료품
C:000080,하이트진로,2021,2021,B+,4,131208.0,66.36387878030375,산업
C:000080,하이트진로,2022,2022,B,3,121167.0,54.52662807439538,알코올 음료 제조업
C:000080,하이트진로,2023,2023,A,5,116077.0,51.66442688364066,알코올 음료 제조업
C:000080,하이트진로,2024,2024,A,5,110066.0,47.258205881020714,알코올 음료 제조업
C:000080,하이트진로,2025,2025,B+,4,106460.0,47.517628063484345,알코올 음료 제조업
C:036460,한국가스공사,2020,2020,B+,4,595255.0,29.75652011434971,발전 · 에너지
C:036460,한국가스공사,2021,2021,B+,4,687660.0,26.289941762964897,전환
C:036460,한국가스공사,2022,2022,B+,4,752027.0,14.950307833993149,연료용 가스 제조 및 배관공급업
C:036460,한국가스공사,2023,2023,A,5,654218.0,15.27386543548168,연료용 가스 제조 및 배관공급업
C:036460,한국가스공사,2024,2024,A,5,580251.0,15.874899713349462,연료용 가스 제조 및 배관공급업
C:036460,한국가스공사,2025,2025,A,5,632733.0,18.59970979263772,연료용 가스 제조 및 배관공급업
C:010100,한국무브넥스,2023,2023,C,2,17429.0,19.967926213278396,철강
C:010100,한국무브넥스,2024,2024,B,3,17533.0,18.88185246024167,철강
C:010100,한국무브넥스,2025,2025,B,3,18095.0,19.396733039191865,철강
C:002200,한국수출포장공업,2020,2020,B,3,136650.0,524.5932606629476,제지
C:002200,한국수출포장공업,2021,2021,B,3,130890.0,416.60678944685367,산업
C:002200,한국수출포장공업,2022,2022,C,2,128391.0,381.3697595322119,"펄프, 종이 및 판지 제조업"
C:002200,한국수출포장공업,2023,2023,C,2,124898.0,405.6501653395543,"펄프, 종이 및 판지 제조업"
C:002200,한국수출포장공업,2024,2024,C,2,127017.0,426.347970235713,"펄프, 종이 및 판지 제조업"
C:002200,한국수출포장공업,2025,2025,C,2,131061.0,459.08486594939444,"펄프, 종이 및 판지 제조업"
C:000240,한국앤컴퍼니,2021,2021,B+,4,73078.0,120.81230943831473,산업
C:000240,한국앤컴퍼니,2022,2022,C,2,70535.0,85.05753299388087,일차전지 및 축전지 제조업
C:000240,한국앤컴퍼니,2023,2023,B+,4,76233.0,92.00017683406449,일차전지 및 축전지 제조업
C:000240,한국앤컴퍼니,2024,2024,B+,4,83256.0,83.36287063086372,일차전지 및 축전지 제조업
C:000240,한국앤컴퍼니,2025,2025,B+,4,86377.0,78.46864575473816,일차전지 및 축전지 제조업
C:015760,한국전력공사,2020,2020,B+,4,1043431.0,17.993475015524385,전환
C:015760,한국전력공사,2021,2021,B+,4,1009744.0,16.924804644941553,전환
C:015760,한국전력공사,2022,2022,B,3,927766.0,13.455332821689016,전기업
C:015760,한국전력공사,2023,2023,B,3,870499.0,10.142650572772624,전기업
C:015760,한국전력공사,2024,2024,C,2,873710.0,9.533470653602771,전기업
C:015760,한국전력공사,2025,2025,C,2,871887.0,9.126250871868793,전기업
C:027970,한국제지,2023,2023,C,2,310138.0,435.57452019403667,"펄프, 종이 및 판지 제조업"
C:027970,한국제지,2024,2024,C,2,311690.0,393.50385645500484,"펄프, 종이 및 판지 제조업"
C:027970,한국제지,2025,2025,C,2,312352.0,414.4361546195839,"펄프, 종이 및 판지 제조업"
C:009540,한국조선해양,2020,2020,B+,4,6963.0,40.39253187507649,산업
C:000970,한국주철관공업,2020,2020,C,2,60578.0,671.9557762022619,철강
C:000970,한국주철관공업,2021,2021,C,2,62273.0,520.0389076266814,산업
C:000970,한국주철관공업,2022,2022,C,2,49409.0,415.34036546940285,1차 철강 제조업
C:000970,한국주철관공업,2023,2023,C,2,60392.0,430.427787228072,1차 철강 제조업
C:000970,한국주철관공업,2024,2024,C,2,57389.0,474.57185068666615,1차 철강 제조업
C:000970,한국주철관공업,2025,2025,C,2,53883.0,450.6390242613194,1차 철강 제조업
C:104700,한국철강,2020,2020,B+,4,382797.0,604.3697183348497,철강
C:104700,한국철강,2021,2021,B,3,392071.0,442.1935837038685,산업
C:104700,한국철강,2022,2022,C,2,395747.0,371.8809769817055,1차 철강 제조업
C:104700,한국철강,2023,2023,C,2,374042.0,413.2623021281909,1차 철강 제조업
C:104700,한국철강,2024,2024,C,2,305515.0,509.18838509603796,1차 철강 제조업
C:104700,한국철강,2025,2025,C,2,280244.0,575.9162308388316,1차 철강 제조업
C:161390,한국타이어앤테크놀로지,2020,2020,A,5,463244.0,161.83874663495504,석유화학
C:161390,한국타이어앤테크놀로지,2021,2021,B+,4,436988.0,149.89871926851436,산업
C:161390,한국타이어앤테크놀로지,2022,2022,B,3,462752.0,133.29233980349565,고무제품 제조업
C:161390,한국타이어앤테크놀로지,2023,2023,B+,4,408777.0,135.1340643526537,고무제품 제조업
C:161390,한국타이어앤테크놀로지,2024,2024,B+,4,396117.0,120.08753870921332,고무제품 제조업
C:161390,한국타이어앤테크놀로지,2025,2025,B+,4,365965.0,100.30731273883612,고무제품 제조업
C:007280,한국특강,2020,2020,B,3,243916.0,587.3057102698007,산업
C:007280,한국특강,2021,2021,C,2,298973.0,432.33854691703715,산업
C:007280,한국특강,2022,2022,C,2,306638.0,385.25283592300923,1차 철강 제조업
C:007280,한국특강,2023,2023,C,2,352508.0,424.5080361363047,1차 철강 제조업
C:007280,한국특강,2024,2024,C,2,349281.0,454.3328512216996,1차 철강 제조업
C:007280,한국특강,2025,2025,C,2,347035.0,452.37466136098453,1차 철강 제조업
C:011500,한농화성,2025,2025,C,2,18040.0,84.1053268186496,석유화학
C:128940,한미약품,2020,2020,B+,4,70441.0,80.74348694044325,석유화학
C:128940,한미약품,2021,2021,B+,4,59541.0,64.92893784641907,산업
C:128940,한미약품,2022,2022,B,3,60118.0,61.21691303547305,의약품 제조업
C:128940,한미약품,2023,2023,A,5,61238.0,55.825881843046034,의약품 제조업
C:128940,한미약품,2024,2024,A,5,71770.0,64.41838131431406,의약품 제조업
C:128940,한미약품,2025,2025,A,5,68426.0,59.67617724631008,의약품 제조업
C:213500,한솔제지,2020,2020,A,5,928544.0,626.1872828672481,제지
C:213500,한솔제지,2021,2021,A,5,923192.0,567.1447818343116,산업
C:213500,한솔제지,2022,2022,B+,4,959037.0,433.2580227701227,"펄프, 종이 및 판지 제조업"
C:213500,한솔제지,2023,2023,A,5,910726.0,439.3567823180233,"펄프, 종이 및 판지 제조업"
C:213500,한솔제지,2024,2024,A,5,923577.0,435.55612116959855,"펄프, 종이 및 판지 제조업"
C:213500,한솔제지,2025,2025,A,5,891798.0,411.14558380013744,"펄프, 종이 및 판지 제조업"
C:014680,한솔케미칼,2020,2020,B,3,137675.0,300.948118118589,석유화학
C:014680,한솔케미칼,2021,2021,A,5,161618.0,283.41775257455515,산업
C:014680,한솔케미칼,2022,2022,C,2,154515.0,242.32072200963,기초 화학물질 제조업
C:014680,한솔케미칼,2023,2023,B+,4,121374.0,214.4807179830847,기초 화학물질 제조업
C:014680,한솔케미칼,2024,2024,B+,4,133544.0,228.33848118749628,기초 화학물질 제조업
C:014680,한솔케미칼,2025,2025,B+,4,143357.0,209.83714688764636,기초 화학물질 제조업
C:004710,한솔테크닉스,2020,2020,B+,4,8665.0,12.854381896072665,전기전자
C:004710,한솔테크닉스,2021,2021,B+,4,8899.0,14.45455903172284,전기전자
C:004710,한솔테크닉스,2022,2022,B,3,8378.0,11.251584105446339,전기전자
C:004710,한솔테크닉스,2023,2023,B+,4,6950.0,9.691684130155915,전기전자
C:025750,한솔홈데코,2020,2020,B,3,61799.0,249.07305288779776,목재
C:025750,한솔홈데코,2021,2021,B+,4,61769.0,239.874957871361,산업
C:025750,한솔홈데코,2022,2022,C,2,55402.0,196.50268286473667,나무제품 제조업
C:025750,한솔홈데코,2023,2023,B+,4,55705.0,188.48523980919688,나무제품 제조업
C:025750,한솔홈데코,2024,2024,B+,4,63294.0,193.34226688068975,나무제품 제조업
C:025750,한솔홈데코,2025,2025,B+,4,62149.0,222.90872926005835,나무제품 제조업
C:018880,한온시스템,2020,2020,B,3,59979.0,22.37951668816194,자동차
C:018880,한온시스템,2021,2021,B+,4,59679.0,20.86037199589636,산업
C:018880,한온시스템,2022,2022,B+,4,61601.0,19.233028018607342,자동차 신품 부품 제조업
C:018880,한온시스템,2023,2023,B+,4,62802.0,17.783037700091377,자동차 신품 부품 제조업
C:018880,한온시스템,2024,2024,A,5,61700.0,17.019415313586478,자동차 신품 부품 제조업
C:018880,한온시스템,2025,2025,A,5,62409.0,15.879991460914951,자동차 신품 부품 제조업
C:014130,한익스프레스,2020,2020,B,3,25961.0,44.36547097829227,교통(화물)
C:014130,한익스프레스,2021,2021,B,3,26090.0,37.867010144091,교통(화물)
C:014130,한익스프레스,2022,2022,D,1,27424.0,35.394804858054655,교통(화물)
C:014130,한익스프레스,2023,2023,C,2,25195.0,40.47959018123653,도로 화물 운송업
C:014130,한익스프레스,2024,2024,C,2,23918.0,37.17926736576681,도로 화물 운송업
C:014130,한익스프레스,2025,2025,C,2,23847.0,40.9222318067095,도로 화물 운송업
C:300720,한일시멘트,2020,2020,C,2,4191068.0,4981.642120746683,산업
C:300720,한일시멘트,2021,2021,B+,4,4277252.0,4713.052694211935,산업
C:300720,한일시멘트,2022,2022,B+,4,4359627.0,4114.34134771056,"시멘트, 석회, 플라스터 및 그 외 제품 제조업"
C:300720,한일시멘트,2023,2023,A,5,4370690.0,3458.6129415051514,"시멘트, 석회, 플라스터 및 그 외 제품 제조업"
C:300720,한일시멘트,2024,2024,A,5,3668271.0,3189.513499998544,"시멘트, 석회, 플라스터 및 그 외 제품 제조업"
C:300720,한일시멘트,2025,2025,A,5,6178096.0,6110.297520827644,"시멘트, 석회, 플라스터 및 그 외 제품 제조업"
C:006390,한일현대시멘트,2020,2020,B,3,3326925.0,9952.875988483042,산업
C:006390,한일현대시멘트,2021,2021,B+,4,3820963.0,9624.99082646554,시멘트
C:006390,한일현대시멘트,2022,2022,B+,4,3688223.0,7828.126162014224,"시멘트, 석회, 플라스터 및 그 외 제품 제조업"
C:006390,한일현대시멘트,2023,2023,A,5,2903539.0,5753.327235639349,"시멘트, 석회, 플라스터 및 그 외 제품 제조업"
C:006390,한일현대시멘트,2024,2024,A,5,3124044.0,6085.394022607236,"시멘트, 석회, 플라스터 및 그 외 제품 제조업"
C:002320,한진,2020,2020,B,3,108104.0,56.0661896434859,수송
C:002320,한진,2021,2021,A,5,108796.0,50.46874379074369,수송
C:002320,한진,2022,2022,B+,4,104185.0,42.97204841900192,도로 화물 운송업
C:002320,한진,2023,2023,A,5,104499.0,43.54601408219663,도로 화물 운송업
C:002320,한진,2024,2024,A,5,102568.0,42.07969356843422,도로 화물 운송업
C:002320,한진,2025,2025,A,5,98362.0,41.1628570159211,도로 화물 운송업
C:097230,한진중공업,2020,2020,B,3,10754.0,6.345913040809992,조선
C:097230,한진중공업,2021,2021,C,2,18700.0,10.96266246138153,조선
C:009460,한창제지,2020,2020,B,3,122294.0,713.1747770357491,제지
C:009460,한창제지,2021,2021,C,2,123139.0,675.8094728888368,산업
C:009460,한창제지,2022,2022,C,2,142810.0,664.4689706548412,"펄프, 종이 및 판지 제조업"
C:009460,한창제지,2023,2023,C,2,192244.0,696.4515079878284,"펄프, 종이 및 판지 제조업"
C:009460,한창제지,2024,2024,C,2,193116.0,656.2818184615019,"펄프, 종이 및 판지 제조업"
C:009460,한창제지,2025,2025,C,2,186009.0,696.7884342900217,"펄프, 종이 및 판지 제조업"
C:000880,한화,2020,2020,B+,4,95602.0,23.895870175153565,산업
C:000880,한화,2021,2021,A,5,99766.0,25.349828703295508,산업
C:000880,한화,2022,2022,A,5,57635.0,14.854668582511259,기타 화학제품 제조업
C:000880,한화,2023,2023,B+,4,60576.0,8.429312734654903,기타 화학제품 제조업
C:000880,한화,2024,2024,A,5,64772.0,11.01088611012042,기타 화학제품 제조업
C:000880,한화,2025,2025,A,5,76442.0,17.714573864874062,기타 화학제품 제조업
C:009830,한화솔루션,2020,2020,A,5,2477598.0,433.3497633509254,산업
C:009830,한화솔루션,2021,2021,A,5,2690533.0,363.7976811100919,산업
C:009830,한화솔루션,2022,2022,A,5,2523378.0,260.50732361234606,기초 화학물질 제조업
C:009830,한화솔루션,2023,2023,A,5,2481024.0,339.61990529732066,기초 화학물질 제조업
C:009830,한화솔루션,2024,2024,A,5,2501207.0,407.69868302436345,기초 화학물질 제조업
C:009830,한화솔루션,2025,2025,A,5,2602004.0,453.3470533619326,기초 화학물질 제조업
C:012450,한화에어로스페이스,2020,2020,A,5,24091.0,22.72895700466778,기계
C:012450,한화에어로스페이스,2021,2021,A,5,24253.0,19.802251012967407,기계
C:012450,한화에어로스페이스,2022,2022,B+,4,75014.0,38.33610625425107,무기 및 총포탄 제조업
C:012450,한화에어로스페이스,2023,2023,A,5,102289.0,20.544114660397224,무기 및 총포탄 제조업
C:012450,한화에어로스페이스,2024,2024,A,5,114383.0,14.414811868075446,무기 및 총포탄 제조업
C:012450,한화에어로스페이스,2025,2025,A,5,121740.0,12.780917336118383,무기 및 총포탄 제조업
C:082740,한화엔진,2023,2023,B,3,37488.0,43.87720489661232,일반 목적용 기계 제조업
C:082740,한화엔진,2024,2024,B+,4,42358.0,35.23360018086806,일반 목적용 기계 제조업
C:082740,한화엔진,2025,2025,B+,4,44982.0,32.80825594532977,일반 목적용 기계 제조업
C:042660,한화오션,2023,2023,B+,4,416679.0,56.11098695502221,선박 및 보트 건조업
C:042660,한화오션,2024,2024,A,5,455320.0,42.297285505834274,선박 및 보트 건조업
C:042660,한화오션,2025,2025,A,5,437734.0,33.92341606335599,선박 및 보트 건조업
C:195870,해성디에스,2020,2020,A,5,54637.0,119.10072249579011,반도체
C:195870,해성디에스,2021,2021,A,5,62321.0,95.09241115614488,산업
C:195870,해성디에스,2022,2022,B+,4,66854.0,79.64897234929408,반도체 제조업
C:195870,해성디에스,2023,2023,A,5,65732.0,99.32735787736027,반도체 제조업
C:195870,해성디에스,2024,2024,A,5,66233.0,111.3928529944129,반도체 제조업
C:195870,해성디에스,2025,2025,A,5,66734.0,103.46554676487115,반도체 제조업
C:143210,핸즈코퍼레이션,2020,2020,B,3,87011.0,175.91064347534365,자동차
C:143210,핸즈코퍼레이션,2021,2021,B,3,63161.0,144.92469090195013,산업
C:143210,핸즈코퍼레이션,2022,2022,C,2,50631.0,96.7289142212873,자동차 신품 부품 제조업
C:143210,핸즈코퍼레이션,2023,2023,C,2,58536.0,118.7608840686903,자동차 신품 부품 제조업
C:143210,핸즈코퍼레이션,2024,2024,C,2,59826.0,113.43541952442068,자동차 신품 부품 제조업
C:143210,핸즈코퍼레이션,2025,2025,C,2,63390.0,107.91155926915661,자동차 신품 부품 제조업
C:000720,현대건설,2020,2020,A+,6,75647.0,8.116532492685444,건설
C:000720,현대건설,2021,2021,A,5,78177.0,7.629767384664633,건설
C:000720,현대건설,2022,2022,A,5,79964.0,6.675638868674396,건설
C:000720,현대건설,2023,2023,A,5,87852.0,5.5677082554336685,건설
C:000720,현대건설,2024,2024,A,5,86306.0,5.158724964215701,건설
C:000720,현대건설,2025,2025,A,5,88670.0,5.369883667256888,건설
C:086280,현대글로비스,2020,2020,A,5,79348.0,6.146263374972767,교통(화물)
C:086280,현대글로비스,2021,2021,A,5,79854.0,4.544207272575716,수송
C:086280,현대글로비스,2022,2022,A,5,79781.0,3.70574928663362,도로 화물 운송업
C:086280,현대글로비스,2023,2023,A+,6,79275.0,4.065394857683504,도로 화물 운송업
C:086280,현대글로비스,2024,2024,A,5,79527.0,,도로 화물 운송업
C:086280,현대글로비스,2025,2025,A,5,79280.0,3.518583201681129,도로 화물 운송업
C:042670,현대두산인프라코어,2021,2021,A,5,105125.0,29.055584976369627,산업
C:042670,현대두산인프라코어,2022,2022,B+,4,104220.0,24.78532438230454,특수 목적용 기계 제조업
C:064350,현대로템,2022,2022,A,5,20361.0,6.555354054677323,기계
C:064350,현대로템,2023,2023,A,5,18055.0,5.160129938193693,기계
C:064350,현대로템,2024,2024,A+,6,18977.0,4.3894682108098015,기계
C:064350,현대로템,2025,2025,A+,6,20818.0,3.6554906586463,기계
C:012330,현대모비스,2020,2020,B+,4,163165.0,7.108197557749395,산업
C:012330,현대모비스,2021,2021,A,5,173416.0,6.345597123594716,산업
C:012330,현대모비스,2022,2022,A,5,107204.0,3.148233415060029,자동차 신품 부품 제조업
C:012330,현대모비스,2023,2023,A+,6,100704.0,2.584121489018921,자동차 신품 부품 제조업
C:012330,현대모비스,2024,2024,A+,6,105334.0,2.8776615993005796,자동차 신품 부품 제조업
C:012330,현대모비스,2025,2025,B+,4,101238.0,2.792246855164337,자동차 신품 부품 제조업
C:010620,현대미포조선,2020,2020,A,5,148352.0,53.34903825374786,조선
C:010620,현대미포조선,2021,2021,A,5,155876.0,54.54338152057525,산업
C:010620,현대미포조선,2022,2022,B+,4,160950.0,43.54945961563069,선박 및 보트 건조업
C:069960,현대백화점,2020,2020,B+,4,144529.0,116.08169632672917,건물
C:069960,현대백화점,2021,2021,A,5,166188.0,109.90828107385413,건물
C:069960,현대백화점,2022,2022,A,5,168609.0,101.83466870564789,종합 소매업
C:069960,현대백화점,2023,2023,A+,6,165600.0,95.18929676372083,종합 소매업
C:069960,현대백화점,2024,2024,A+,6,162990.0,91.64580017728309,종합 소매업
C:069960,현대백화점,2025,2025,A+,6,161447.0,89.91532620260266,종합 소매업
C:004560,현대비앤지스틸,2020,2020,B+,4,78295.0,115.14294749379532,철강
C:004560,현대비앤지스틸,2021,2021,B+,4,80708.0,94.400592615525,산업
C:004560,현대비앤지스틸,2022,2022,B+,4,86228.0,67.35500345309882,1차 철강 제조업
C:004560,현대비앤지스틸,2023,2023,A,5,82355.0,78.85422742290915,1차 철강 제조업
C:004560,현대비앤지스틸,2024,2024,B+,4,72957.0,91.94383332306668,1차 철강 제조업
C:004560,현대비앤지스틸,2025,2025,B+,4,64871.0,87.75866214047251,1차 철강 제조업
C:322000,현대에너지솔루션,2021,2021,A,5,27366.0,48.91092151238919,산업
C:307950,현대오토에버,2021,2021,A,5,21650.0,12.849021946324253,통신
C:307950,현대오토에버,2022,2022,B+,4,21789.0,9.723688225572491,통신
C:307950,현대오토에버,2023,2023,A+,6,21379.0,8.694328245188691,통신
C:307950,현대오토에버,2024,2024,A,5,20562.0,6.985693813094455,통신
C:307950,현대오토에버,2025,2025,A,5,19837.0,6.103616035028298,통신
C:011210,현대위아,2020,2020,A,5,170173.0,30.467021467440052,자동차
C:011210,현대위아,2021,2021,A,5,181938.0,28.490487120025442,산업
C:011210,현대위아,2022,2022,A,5,155623.0,23.293010151168154,자동차 신품 부품 제조업
C:011210,현대위아,2023,2023,A+,6,138476.0,19.13901785585946,자동차 신품 부품 제조업
C:011210,현대위아,2024,2024,A+,6,98202.0,14.15411907465079,자동차 신품 부품 제조업
C:011210,현대위아,2025,2025,A+,6,90046.0,12.371000317772292,자동차 신품 부품 제조업
C:005380,현대자동차,2020,2020,A,5,1522472.0,30.052149383069843,자동차
C:005380,현대자동차,2021,2021,A,5,1508866.0,27.135378900360255,산업
C:005380,현대자동차,2022,2022,A,5,1540499.0,23.588086362616725,자동차용 엔진 및 자동차 제조업
C:005380,현대자동차,2023,2023,A,5,1569435.0,20.112257056747158,자동차용 엔진 및 자동차 제조업
C:005380,현대자동차,2024,2024,A+,6,1526375.0,19.30634959481868,자동차용 엔진 및 자동차 제조업
C:005380,현대자동차,2025,2025,A+,6,1564214.0,19.858800646074307,자동차용 엔진 및 자동차 제조업
C:004020,현대제철,2020,2020,B+,4,28623930.0,1838.6356911042915,철강
C:004020,현대제철,2021,2021,B+,4,28489305.0,1425.0718587244944,산업
C:004020,현대제철,2022,2022,A,5,28500741.0,1204.2452982265631,1차 철강 제조업
C:004020,현대제철,2023,2023,A+,6,29269107.0,1354.4607881729614,1차 철강 제조업
C:004020,현대제철,2024,2024,A,5,28817883.0,1547.8820908673695,1차 철강 제조업
C:004020,현대제철,2025,2025,B+,4,28011895.0,1573.6908274647126,1차 철강 제조업
C:008770,호텔신라,2020,2020,A,5,19762.0,7.021688311941414,건물
C:008770,호텔신라,2021,2021,B+,4,19300.0,5.711618113239748,건물
C:008770,호텔신라,2022,2022,B+,4,20631.0,4.836163997181923,건물
C:008770,호텔신라,2023,2023,A,5,21390.0,9.936052967138851,건물
C:008770,호텔신라,2024,2024,B+,4,21716.0,8.540112093703796,건물
C:008770,호텔신라,2025,2025,A,5,22153.0,8.444091061111527,건물
C:013520,화승알앤에이,2020,2020,B+,4,19814.0,31.559635839384978,석유화학
C:378850,화승알앤에이,2023,2023,B,3,20559.0,30.351141016908823,석유화학
C:378850,화승알앤에이,2024,2024,B+,4,20734.0,29.511981971388387,석유화학
C:378850,화승알앤에이,2025,2025,B+,4,20131.0,28.369128069250586,석유화학
C:133820,화인베스틸,2020,2020,B,3,19640.0,199.09319942732768,철강
C:133820,화인베스틸,2021,2021,B,3,19091.0,153.86433705555262,철강
C:133820,화인베스틸,2022,2022,C,2,20509.0,146.90815975480731,철강
C:133820,화인베스틸,2023,2023,C,2,20309.0,156.55117781603386,철강
C:133820,화인베스틸,2024,2024,C,2,18934.0,165.36494360976863,철강
C:133820,화인베스틸,2025,2025,C,2,27364.0,151.54866718111603,철강
C:004800,효성,2020,2020,A,5,32127.0,108.72399231720418,석유화학
C:004800,효성,2021,2021,A,5,33364.0,31.682108045604092,산업
C:004800,효성,2022,2022,A,5,31850.0,42.46691954935867,기타 섬유제품 제조업
C:004800,효성,2023,2023,A,5,29804.0,55.89442182191022,기타 섬유제품 제조업
C:004800,효성,2024,2024,A,5,29477.0,70.49734527732782,기타 섬유제품 제조업
C:004800,효성,2025,2025,A,5,28882.0,52.2932908204421,기타 섬유제품 제조업
C:298040,효성중공업,2020,2020,A,5,57395.0,22.91492963017763,산업
C:298040,효성중공업,2021,2021,A,5,54101.0,22.967700654589684,산업
C:298040,효성중공업,2022,2022,A,5,51832.0,20.014116272389177,"전동기, 발전기 및 전기 변환ㆍ공급ㆍ제어 장치 제조업"
C:298040,효성중공업,2023,2023,A,5,47870.0,15.46000967468212,"전동기, 발전기 및 전기 변환ㆍ공급ㆍ제어 장치 제조업"
C:298040,효성중공업,2024,2024,A,5,52593.0,15.65119475718929,"전동기, 발전기 및 전기 변환ㆍ공급ㆍ제어 장치 제조업"
C:298040,효성중공업,2025,2025,A,5,56969.0,13.90229054432787,"전동기, 발전기 및 전기 변환ㆍ공급ㆍ제어 장치 제조업"
C:298050,효성첨단소재,2020,2020,A+,6,191050.0,264.4167148062583,산업
C:298050,효성첨단소재,2021,2021,A,5,202512.0,210.2347246259229,산업
C:298050,효성첨단소재,2022,2022,B+,4,178541.0,208.0700568060882,화학섬유 제조업
C:298050,효성첨단소재,2023,2023,A,5,168272.0,254.17669814194707,화학섬유 제조업
C:298020,효성티앤씨,2020,2020,A+,6,323958.0,103.06367589942687,산업
C:298020,효성티앤씨,2021,2021,A,5,365131.0,80.05856329923155,산업
C:298020,효성티앤씨,2022,2022,A,5,297685.0,55.49159947231512,산업
C:298020,효성티앤씨,2023,2023,A+,6,259764.0,58.334022486123736,화학섬유 제조업
C:298020,효성티앤씨,2024,2024,A,5,244092.0,52.337552972519006,화학섬유 제조업
C:298020,효성티앤씨,2025,2025,A,5,241823.0,55.91061279451049,화학섬유 제조업
C:298000,효성화학,2020,2020,A+,6,881820.0,536.6279002366662,산업
C:298000,효성화학,2021,2021,A,5,887229.0,420.7125816554607,산업
C:298000,효성화학,2022,2022,A,5,862233.0,376.9469090140591,산업
C:298000,효성화학,2023,2023,A,5,839757.0,417.39835351872284,기초 화학물질 제조업
C:298000,효성화학,2024,2024,A,5,675406.0,385.5867434494561,기초 화학물질 제조업
C:298000,효성화학,2025,2025,A,5,478993.0,376.6706628843361,기초 화학물질 제조업
C:093370,후성,2020,2020,B,3,282712.0,1191.6713826268906,산업
C:093370,후성,2021,2021,A,5,215324.0,705.4002197445033,산업
C:093370,후성,2022,2022,B,3,221064.0,534.8242291218786,기초 화학물질 제조업
C:093370,후성,2023,2023,A,5,219379.0,781.6269384188561,기초 화학물질 제조업
C:093370,후성,2024,2024,B+,4,218395.0,862.6317372087333,기초 화학물질 제조업
C:093370,후성,2025,2025,B+,4,210225.0,771.9209908223833,기초 화학물질 제조업
C:079980,휴비스,2020,2020,B+,4,465138.0,634.1713156337506,섬유
C:079980,휴비스,2021,2021,B+,4,465851.0,526.4495761771619,산업
C:079980,휴비스,2022,2022,B+,4,384776.0,463.95561610089976,산업
C:079980,휴비스,2023,2023,B+,4,393137.0,545.095909625243,화학섬유 제조업
C:079980,휴비스,2024,2024,B+,4,398301.0,549.2957551543692,화학섬유 제조업
C:079980,휴비스,2025,2025,B+,4,404326.0,584.7890654836756,화학섬유 제조업
C:005010,휴스틸,2020,2020,B,3,23243.0,67.7166062830115,철강
C:005010,휴스틸,2021,2021,C,2,31119.0,55.295671947387575,산업
C:005010,휴스틸,2022,2022,D,1,30943.0,40.45266441409673,1차 철강 제조업
C:005010,휴스틸,2023,2023,C,2,30462.0,49.316500363709494,1차 철강 제조업
C:005010,휴스틸,2024,2024,C,2,30450.0,56.83974332307194,1차 철강 제조업
C:005010,휴스틸,2025,2025,C,2,29390.0,63.63439807034995,1차 철강 제조업
C:069260,휴켐스,2020,2020,B,3,132580.0,223.3824125469259,석유화학
