번호,관장기관,법인명,대상년도,지정구분,지정업종(목표)/<br />계획업종(할당),온실가스 배출량(tCO₂eq),에너지 사용량(TJ),검증수행기관,비고
1,환경부,(유)에스케이씨에보닉페록사이드코리아,2021,업체,산업,57349,1147,(재)한국품질재단,
2,국토교통부,(유)호남고속,2021,사업장,교통(여객),19358,304,(주)한국경영인증원,
3,환경부,(주)HJ매그놀리아용평호텔앤리조트,2021,사업장,건물,33424,661,(재)한국품질재단,
4,농림축산식품부,(주)MH에탄올,2021,사업장,음료제조업,9451,304,(재)한국화학융합시험연구원,
5,환경부,(주)MSC,2021,사업장,산업,29558,594,한국가스안전공사,
6,환경부,(주)SIMPAC,2021,업체,산업,545704,5679,한국표준협회,
7,환경부,(주)SUN&L,2021,업체,산업,59370,2046,한국표준협회,
8,환경부,(주)강원랜드,2021,업체,건물,65276,1330,이큐에이㈜,
9,환경부,(주)건화,2021,사업장,산업,34052,612,한국표준협회,
10,환경부,(주)경기고속,2021,업체,수송,100992,1614,(주)한국경영인증원,
11,환경부,(주)경남고속,2021,사업장,수송,4332,61,(주)한국경영인증원,
12,환경부,(주)경동,2021,업체,산업,209932,405,(재)한국품질재단,
13,산업통상자원부,(주)경동원,2021,사업장,기계,13190,265,한국표준협회,
14,국토교통부,(주)경방,2021,사업장,건물,17081,353,한국생산성본부인증원(주),
15,산업통상자원부,(주)경보제약,2021,사업장,석유화학,14648,276,한국표준협회,
16,산업통상자원부,(주)경신전선,2021,사업장,전기전자,15512,321,한국표준협회,
17,환경부,(주)공항리무진,2021,사업장,수송,234,4,(주)한국경영인증원,
18,국토교통부,(주)국민은행,2021,업체,건물,100491,1549,한국표준협회,
19,산업통상자원부,(주)국일방적 정읍공장,2021,사업장,섬유,13510,282,대일이엔씨기술(주),
20,환경부,(주)그린스코,2021,사업장,폐기물,44243,119,(주)한국경영인증원,
21,환경부,(주)금남고속,2021,사업장,수송,17758,253,(주)한국경영인증원,
22,환경부,(주)금비,2021,업체,산업,82933,1184,한국표준협회,
23,해양수산부,(주)남해고속,2021,사업장,교통(해운),22768,324,㈜한국품질보증원,
24,산업통상자원부,(주)네오오토 예산공장,2021,사업장,자동차,16887,349,(주)한국경영인증원,
25,산업통상자원부,(주)넥센,2021,사업장,석유화학,19568,376,한국표준협회,
26,환경부,(주)농협물류,2021,사업장,수송,30584,441,한국표준협회,
27,농림축산식품부,(주)농협사료,2021,업체,식료품 제조업,85204,1754,(재)한국품질재단,
28,환경부,(주)다나에너지솔루션,2021,사업장,폐기물,75268,213,한국표준협회,
29,환경부,(주)단석산업,2021,사업장,산업,81591,1666,한국표준협회,
30,산업통상자원부,(주)대농청원공장,2021,사업장,섬유,16211,338,지속가능인증원주식회사,
31,산업통상자원부,(주)대동세라믹,2021,사업장,요업,26866,510,이큐에이㈜,
32,환경부,(주)대림제지,2021,업체,산업,108829,1790,이큐에이㈜,
33,국토교통부,(주)대우건설,2021,업체,건설,60416,1230,한국표준협회,
34,산업통상자원부,(주)대욱케스트,2021,사업장,철강,21622,410,이큐에이㈜,
35,환경부,(주)대원고속,2021,업체,수송,104748,1675,(주)한국경영인증원,
36,환경부,(주)대원버스,2021,사업장,수송,31566,541,(주)한국경영인증원,
37,국토교통부,(주)대원여객,2021,사업장,교통(여객),19187,364,(주)한국경영인증원,
38,환경부,(주)대원운수,2021,사업장,수송,36006,601,(주)한국경영인증원,
39,환경부,(주)대유코아,2021,사업장,산업,116601,794,한국표준협회,
40,해양수산부,(주)대저해운,2021,사업장,교통(해운),6598,95,한국표준협회,
41,산업통상자원부,(주)대천텍스타일,2021,사업장,섬유,12998,280,한국표준협회,
42,산업통상자원부,(주)대호특수강 포항공장,2021,사업장,철강,23425,446,한국표준협회,
43,환경부,(주)대화제지,2021,사업장,산업,28552,577,㈜한국품질보증원,
44,산업통상자원부,(주)동남 울산공장,2021,사업장,비철금속,55575,826,한국표준협회,
45,환경부,(주)동방,2021,업체,수송,55300,804,대일이엔씨기술(주),
46,환경부,(주)동서기공 당진지점,2021,사업장,산업,37146,764,(주)한국경영인증원,
47,환경부,(주)동신포리마,2021,사업장,산업,35253,728,(주)한국경영인증원,
48,환경부,(주)동양고속,2021,업체,수송,49096,702,(주)한국경영인증원,
49,환경부,(주)동양환경,2021,사업장,폐기물,171588,424,(재)한국품질재단,
50,농림축산식품부,(주)동우팜투테이블,2021,사업장,식료품 제조업,16159,325,(재)한국화학융합시험연구원,
51,농림축산식품부,(주)동원F&B,2021,업체,식료품 제조업,82004,1781,(주)한국경영인증원,
52,산업통상자원부,(주)동진쎄미켐,2021,사업장,석유화학,21702,438,한국가스안전공사,
53,산업통상자원부,(주)두산,2021,업체,전기전자,63425,1270,(재)한국품질재단,
54,산업통상자원부,(주)디알액시온 원산공장,2021,사업장,비철금속,15035,307,(재)한국품질재단,
55,환경부,(주)디에이피,2021,사업장,산업,79586,1649,한국가스안전공사,
56,산업통상자원부,(주)디케이씨,2021,사업장,철강,18535,372,한국표준협회,
57,산업통상자원부,(주)로옴코리아,2021,사업장,반도체,17368,362,㈜한국품질보증원,
58,환경부,(주)만도,2021,업체,산업,70744,1477,(주)비에스아이그룹코리아,
59,농림축산식품부,(주)면사랑,2021,사업장,식료품 제조업,20461,459,한국표준협회,
60,환경부,(주)모나리자,2021,사업장,산업,40006,728,(주)한국경영인증원,
61,국토교통부,(주)무주덕유산리조트,2021,사업장,건물,14234,263,(주)한국경영인증원,
62,환경부,(주)미래엔인천에너지,2021,업체,전환,17091,339,(재)한국품질재단,
63,환경부,(주)미래페이퍼,2021,업체,산업,60913,763,한국표준협회,
64,산업통상자원부,(주)방림,2021,사업장,섬유,19015,406,한국표준협회,
65,환경부,(주)베르상스퍼시픽,2021,사업장,산업,33066,560,한국표준협회,
66,환경부,(주)벽산,2021,업체,산업,88096,1601,한국표준협회,
67,산업통상자원부,(주)부산도시가스,2021,사업장,집단에너지,55041,421,(주)한국경영인증원,
68,국토교통부,(주)부산롯데호텔,2021,사업장,건물,10589,216,(주)한국경영인증원,
69,산업통상자원부,(주)브이샘 인천공장,2021,사업장,시멘트,14441,293,한국표준협회,
70,산업통상자원부,(주)비에이치 제2공장,2021,사업장,전기전자,17511,365,한국표준협회,
71,산업통상자원부,(주)비엠금속,2021,사업장,철강,18397,340,이큐에이㈜,
72,농림축산식품부,(주)빙그레,2021,업체,식료품 제조업,60993,1227,(주)한국경영인증원,
73,환경부,(주)삼동 문경공장,2021,사업장,산업,40641,840,한국표준협회,
74,국토교통부,(주)삼우에프앤지,2021,사업장,교통(화물),20955,343,한국표준협회,
75,환경부,(주)삼원강재,2021,사업장,산업,34034,690,(재)한국품질재단,
76,환경부,(주)삼천리,2021,업체,전환,73196,1250,한국가스안전공사,
77,환경부,(주)삼표산업,2021,업체,산업,125680,2121,(재)한국품질재단,
78,산업통상자원부,(주)삼한씨원,2021,사업장,요업,9614,190,한국생산성본부인증원(주),
79,환경부,(주)삼현,2021,사업장,산업,24069,425,한국표준협회,
80,국토교통부,(주)삼화고속,2021,사업장,교통(여객),11137,159,(주)한국경영인증원,
81,환경부,(주)상공에너지,2021,업체,전환,6108,1535,이큐에이㈜,
82,농림축산식품부,(주)샤니 대구공장,2021,사업장,식료품 제조업,16485,335,(주)비에스아이그룹코리아,
83,농림축산식품부,(주)샤니 성남공장,2021,사업장,식료품 제조업,18826,383,(주)비에스아이그룹코리아,
84,국토교통부,(주)서부티엔디,2021,사업장,건물,14854,306,한국표준협회,
85,산업통상자원부,(주)서원,2021,사업장,비철금속,15384,317,한국가스안전공사,
86,산업통상자원부,(주)서진캠 아산공장,2021,사업장,자동차,13707,286,(주)한국경영인증원,
87,산업통상자원부,(주)서진캠 평택공장,2021,사업장,자동차,13780,287,㈜한국품질보증원,
88,환경부,(주)서흥,2021,사업장,산업,43537,893,한국표준협회,
89,산업통상자원부,(주)선일다이파스,2021,사업장,기계,18372,379,(주)한국경영인증원,
90,환경부,(주)선진운수,2021,사업장,수송,26998,506,(재)한국품질재단,
91,산업통상자원부,(주)성신미네필드,2021,사업장,시멘트,18994,373,한국표준협회,
92,환경부,(주)성호금속 경주2공장,2021,사업장,산업,28551,517,이큐에이㈜,
93,산업통상자원부,(주)성호금속 영천공장,2021,사업장,철강,18827,347,이큐에이㈜,
94,산업통상자원부,(주)성호기업,2021,사업장,철강,16586,317,이큐에이㈜,
95,환경부,(주)세아씨엠,2021,사업장,산업,62245,1261,한국표준협회,
96,국토교통부,(주)세아엘앤에스,2021,사업장,교통(화물),16516,242,한국표준협회,
97,환경부,(주)세아제강,2021,사업장,산업,58932,1165,한국표준협회,
98,환경부,(주)세아특수강,2021,사업장,산업,54939,1080,한국표준협회,
99,농림축산식품부,(주)세우,2021,사업장,식료품 제조업,17593,356,(재)한국품질재단,
100,환경부,(주)세주,2021,사업장,수송,28716,392,㈜디엔브이비즈니스어슈어런스코리아,
101,산업통상자원부,(주)스타플렉스,2021,사업장,석유화학,9543,196,이큐에이㈜,
102,국토교통부,(주)시흥교통,2021,사업장,교통(여객),26166,470,한국표준협회,
103,환경부,(주)신동,2021,업체,산업,95134,311,한국표준협회,
104,환경부,(주)신세계,2021,업체,건물,118980,2463,(주)한국경영인증원,
105,환경부,(주)신승에너지,2021,업체,지정외 폐기물처리업,77990,318,(재)한국품질재단,
106,산업통상자원부,(주)신안주철,2021,사업장,철강,19021,359,한국표준협회,
107,산업통상자원부,(주)신우금속,2021,사업장,철강,16845,292,(재)한국품질재단,
108,국토교통부,(주)신한은행,2021,업체,건물,73782,1171,㈜디엔브이비즈니스어슈어런스코리아,
109,환경부,(주)쌍용씨앤비,2021,업체,산업,70917,1233,(주)한국경영인증원,
110,환경부,(주)씨텍,2021,업체,전환,644876,8772,(주)비에스아이그룹코리아,
111,국토교통부,(주)아라리오,2021,사업장,건물,12045,248,(주)한국경영인증원,
112,환경부,(주)아진피앤피,2021,업체,산업,138183,2135,한국산업기술시험원,
113,국토교통부,(주)에스앤아이코퍼레이션,2021,사업장,건물,14640,299,(재)한국품질재단,
114,산업통상자원부,(주)에스에이씨,2021,사업장,유리,11916,244,(주)한국경영인증원,
115,산업통상자원부,(주)에스에이치에너지화학,2021,사업장,석유화학,14524,245,㈜한국품질보증원,
116,산업통상자원부,(주)에스제이금속,2021,사업장,철강,19960,350,(재)한국품질재단,
117,환경부,(주)에스파워,2021,업체,전환,1930850,38311,(재)한국품질재단,
118,해양수산부,(주)에이치해운,2021,사업장,교통(해운),26521,378,한국표준협회,
119,산업통상자원부,(주)에이티세미콘,2021,사업장,반도체,17628,366,한국표준협회,
120,산업통상자원부,(주)에이프로젠바이오로직스,2021,사업장,석유화학,27471,564,한국표준협회,
121,환경부,(주)에코비트에너지세종,2021,사업장,폐기물,49770,452,한국표준협회,
122,산업통상자원부,(주)에코프로비엠,2021,사업장,전기전자,79997,1668,(주)한국경영인증원,
123,산업통상자원부,(주)에코프로비엠 1공장,2021,사업장,전기전자,19750,411,(주)한국경영인증원,
124,환경부,(주)엔아이티,2021,업체,폐기물,144933,314,㈜한국품질보증원,
125,환경부,(주)엔이티,2021,사업장,전환,49401,580,한국표준협회,
126,환경부,(주)엘엑스판토스,2021,사업장,수송,44289,687,㈜디엔브이비즈니스어슈어런스코리아,
127,산업통상자원부,(주)엘지생활건강 울산공장,2021,사업장,석유화학,17679,365,(재)한국품질재단,
128,환경부,(주)엘지씨엔에스,2021,사업장,산업,123812,2631,대일이엔씨기술(주),
129,환경부,(주)영신물산,2021,사업장,산업,36024,262,한국표준협회,
130,환경부,(주)오뚜기,2021,사업장,산업,94342,1901,한국표준협회,
131,환경부,(주)오리온,2021,업체,산업,65129,1295,한국표준협회,
132,환경부,(주)오미아코리아,2021,업체,산업,59633,1220,㈜디엔브이비즈니스어슈어런스코리아,
133,산업통상자원부,(주)오영,2021,사업장,석유화학,17149,368,(재)한국품질재단,
134,환경부,(주)온셀텍,2021,사업장,산업,34120,711,한국표준협회,
135,농림축산식품부,(주)올품,2021,사업장,식료품 제조업,22443,457,한국표준협회,
136,환경부,(주)우룡,2021,업체,산업,159767,624,(주)한국경영인증원,
137,국토교통부,(주)우리은행,2021,업체,건물,74425,1094,㈜디엔브이비즈니스어슈어런스코리아,
138,산업통상자원부,(주)우신금속,2021,사업장,비철금속,19844,311,(재)한국품질재단,
139,산업통상자원부,(주)원익아이피에스,2021,사업장,기계,25375,502,한국표준협회,
140,환경부,(주)유니온,2021,업체,산업,160634,1301,한국표준협회,
141,국토교통부,(주)유성티엔에스,2021,사업장,교통(화물),33424,484,(주)한국경영인증원,
142,환경부,(주)유진로지스틱스,2021,사업장,수송,28716,411,(재)한국품질재단,
143,산업통상자원부,(주)유한화학,2021,사업장,석유화학,17103,362,(주)한국경영인증원,
144,산업통상자원부,(주)이녹스첨단소재,2021,사업장,전기전자,25783,526,(재)한국품질재단,
145,환경부,(주)이마트,2021,업체,건물,527716,10958,한국표준협회,
146,환경부,(주)이수페타시스,2021,사업장,산업,51187,696,이큐에이㈜,
147,환경부,(주)이수화학,2021,업체,산업,340851,5369,한국표준협회,
148,환경부,(주)이스타항공,2021,업체,수송,38,0,(주)한국경영인증원,
149,환경부,(주)이알지서비스,2021,사업장,폐기물,75225,81,(재)한국화학융합시험연구원,
150,산업통상자원부,(주)인지디스플레이,2021,사업장,자동차,16329,337,(주)한국경영인증원,
151,환경부,(주)인터플렉스,2021,사업장,산업,37985,797,한국표준협회,
152,환경부,(주)일진글로벌,2021,사업장,산업,120370,2508,이큐에이㈜,
153,환경부,(주)전북고속,2021,사업장,수송,12736,181,(주)한국경영인증원,
154,농림축산식품부,(주)정·식품,2021,사업장,음료제조업,20053,403,한국표준협회,
155,국토교통부,(주)제때,2021,사업장,교통(화물),18080,293,한국표준협회,
156,환경부,(주)제양항공해운,2021,사업장,수송,27940,382,한국표준협회,
157,산업통상자원부,(주)제이앤티씨,2021,사업장,전기전자,8066,167,한국표준협회,
158,환경부,(주)제이엠씨,2021,사업장,산업,38412,891,이큐에이㈜,
159,해양수산부,(주)제주케이라인,2021,사업장,교통(해운),15304,208,㈜디엔브이비즈니스어슈어런스코리아,
160,산업통상자원부,(주)젤텍,2021,사업장,석유화학,15403,527,한국표준협회,
161,산업통상자원부,(주)종근당 천안공장,2021,사업장,석유화학,16551,450,(재)한국품질재단,
162,환경부,(주)종근당바이오,2021,업체,산업,90364,1882,이큐에이㈜,
163,국토교통부,(주)중부고속,2021,사업장,교통(여객),6959,103,㈜한국품질보증원,
164,환경부,(주)중앙고속,2021,업체,수송,40001,571,(주)한국경영인증원,
165,환경부,(주)중일,2021,사업장,산업,29171,301,한국표준협회,
166,환경부,(주)지에스동해전력,2021,업체,전환,6394070,71324,대일이엔씨기술(주),
167,산업통상자원부,(주)지엠씨,2021,사업장,광업,15927,330,(주)한국경영인증원,
168,환경부,(주)진합,2021,사업장,산업,27907,575,한국표준협회,
169,산업통상자원부,(주)진흥주물 군산공장,2021,사업장,철강,21915,387,한국표준협회,
170,산업통상자원부,(주)진흥주물 인천공장,2021,사업장,철강,17403,304,한국표준협회,
171,환경부,(주)참프레,2021,사업장,산업,43237,862,한국표준협회,
172,환경부,(주)창원에너텍,2021,업체,폐기물,89517,1021,(재)한국품질재단,
173,환경부,(주)천일고속,2021,사업장,수송,18243,260,(주)한국경영인증원,
174,농림축산식품부,(주)체리부로,2021,사업장,식료품 제조업,15174,310,(주)한국경영인증원,
175,환경부,(주)충남고속,2021,사업장,수송,19409,278,(주)한국경영인증원,
176,환경부,(주)충무화학정선,2021,업체,산업,149214,595,이큐에이㈜,
177,농림축산식품부,(주)카길애그리퓨리나 평택공장,2021,사업장,식료품 제조업,21326,434,(재)한국품질재단,
178,산업통상자원부,(주)카펙발레오,2021,사업장,자동차,20345,409,한국표준협회,
179,환경부,(주)칼링크,2021,사업장,산업,23694,480,지속가능인증원주식회사,
180,환경부,(주)캐스텍코리아,2021,업체,산업,30596,553,한국표준협회,
181,산업통상자원부,(주)케이에프엔티,2021,사업장,석유화학,19711,421,한국표준협회,
182,산업통상자원부,(주)케이원전자,2021,사업장,전기전자,22306,465,한국표준협회,
183,환경부,(주)케이이씨,2021,사업장,산업,53209,618,㈜디엔브이비즈니스어슈어런스코리아,
184,환경부,(주)케이조선,2021,업체,산업,29489,543,(재)한국품질재단,
185,환경부,(주)케이티앤지,2021,업체,산업,109139,2184,(재)한국품질재단,
186,환경부,(주)케이피켐텍,2021,사업장,산업,32188,719,(재)한국품질재단,
187,환경부,(주)코다코,2021,사업장,산업,40677,831,(재)한국품질재단,
188,환경부,(주)코리아써키트,2021,업체,산업,109491,2221,(주)비에스아이그룹코리아,
189,환경부,(주)코리아와이드경북고속,2021,업체,수송,19869,281,(주)한국경영인증원,
190,국토교통부,(주)코리아와이드포항,2021,사업장,교통(여객),22266,421,(주)한국경영인증원,
191,환경부,(주)코스틸,2021,업체,산업,46801,939,이큐에이㈜,
192,환경부,(주)클렌코,2021,사업장,폐기물,190007,169,한국표준협회,
193,산업통상자원부,(주)태상,2021,업체,기계,61401,1203,(주)한국경영인증원,
194,산업통상자원부,(주)태영열처리,2021,사업장,기계,15060,310,한국표준협회,
195,산업통상자원부,(주)태우,2021,사업장,비철금속,17064,331,한국가스안전공사,
196,환경부,(주)태웅,2021,업체,산업,155237,2866,(재)한국품질재단,
197,환경부,(주)태평양금속,2021,사업장,산업,47651,963,이큐에이㈜,
198,환경부,(주)티씨씨스틸,2021,사업장,산업,34007,660,이큐에이㈜,
199,산업통상자원부,(주)티씨케이,2021,사업장,전기전자,33660,695,(재)한국품질재단,
200,농림축산식품부,(주)파리크라상 성남공장,2021,사업장,식료품 제조업,21942,453,한국표준협회,
201,국토교통부,(주)평안운수,2021,사업장,교통(여객),15505,265,(주)한국경영인증원,
202,환경부,(주)포레스코,2021,사업장,산업,32494,778,한국표준협회,
203,산업통상자원부,(주)풍농장항공장,2021,사업장,석유화학,18060,351,이큐에이㈜,
204,환경부,(주)풍정주공,2021,사업장,산업,20524,385,한국표준협회,
205,산업통상자원부,(주)피엔디티,2021,사업장,자동차,17262,339,지속가능인증원주식회사,
206,산업통상자원부,(주)피제이메탈,2021,사업장,비철금속,23792,422,(재)한국품질재단,
207,환경부,(주)필맥스,2021,사업장,산업,24921,510,㈜한국품질보증원,
208,환경부,(주)하림,2021,업체,산업,99442,2338,(재)한국품질재단,
209,환경부,(주)한국알스트롬,2021,사업장,산업,49649,663,(재)한국품질재단,
210,농림축산식품부,(주)한국인삼공사 고려인삼창(부여공장),2021,사업장,식료품 제조업,18125,368,(주)한국경영인증원,
211,농림축산식품부,(주)한국인삼공사 고려인삼창(원주공장),2021,사업장,식료품 제조업,19099,389,(주)한국경영인증원,
212,환경부,(주)한국특강,2021,업체,산업,298973,5357,이큐에이㈜,
213,산업통상자원부,(주)한금포항공장,2021,사업장,철강,19510,414,한국표준협회,
214,환경부,(주)한솔케미칼,2021,업체,산업,161618,3121,대일이엔씨기술(주),
215,환경부,(주)한솔홈데코,2021,업체,산업,61769,2974,(주)한국경영인증원,
216,산업통상자원부,(주)한양에스앤씨 함안지점,2021,사업장,자동차,12809,245,지속가능인증원주식회사,
217,산업통상자원부,(주)한영특수강,2021,사업장,철강,16731,336,한국표준협회,
218,국토교통부,(주)한익스프레스,2021,사업장,교통(화물),26090,412,한국표준협회,
219,환경부,(주)한일고속,2021,업체,수송,82281,1136,(주)한국경영인증원,
220,환경부,(주)한주,2021,업체,전환,1247802,15952,㈜디엔브이비즈니스어슈어런스코리아,
221,환경부,(주)한진,2021,업체,수송,108796,1683,한국표준협회,
222,환경부,(주)한창제지,2021,업체,산업,123139,1644,한국표준협회,
223,환경부,(주)한화,2021,업체,산업,99766,1721,㈜디엔브이비즈니스어슈어런스코리아,
224,환경부,(주)현대백화점,2021,업체,건물,166188,3467,한국표준협회,
225,환경부,(주)현대엘앤씨,2021,사업장,산업,38225,776,한국표준협회,
226,환경부,(주)현대케피코,2021,사업장,산업,24237,501,한국생산성본부인증원(주),
227,국토교통부,(주)호텔신라,2021,사업장,건물,19300,393,한국표준협회,
228,산업통상자원부,(주)화승알앤에이,2021,사업장,석유화학,19572,401,한국표준협회,
229,환경부,(주)화승케미칼,2021,사업장,산업,29493,604,이큐에이㈜,
230,환경부,(합)경남여객,2021,업체,수송,40237,644,한국표준협회,
231,환경부,CJ대한통운(주),2021,업체,수송,228274,3979,(주)한국경영인증원,
232,환경부,CJ제일제당(주),2021,업체,산업,426590,9806,(재)한국화학융합시험연구원,
233,국토교통부,GS건설(주),2021,업체,건설,95088,1807,한국표준협회,
234,환경부,GS파워,2021,업체,전환,2198430,42045,(재)한국품질재단,
235,환경부,HSD엔진(주),2021,사업장,산업,25770,465,㈜디엔브이비즈니스어슈어런스코리아,
236,환경부,JW 생명과학(주),2021,사업장,산업,28519,582,한국표준협회,
237,산업통상자원부,KPX 케미칼(주),2021,사업장,석유화학,21876,704,(주)한국경영인증원,
238,산업통상자원부,LB세미콘(주),2021,사업장,반도체,24435,507,한국표준협회,
239,환경부,LX엠엠에이,2021,업체,산업,328403,3003,(주)한국경영인증원,
240,환경부,OCI SE 주식회사,2021,업체,전환,1320267,23603,㈜디엔브이비즈니스어슈어런스코리아,
241,산업통상자원부,S&T모티브(주),2021,사업장,자동차,17698,367,한국표준협회,
242,환경부,S-Oil(주),2021,업체,산업,10036497,130029,한국표준협회,
243,환경부,SKbroadband(주),2021,업체,산업,370190,7694,㈜디엔브이비즈니스어슈어런스코리아,
244,국토교통부,SK네트웍스(주) 워커힐,2021,사업장,건물,21757,442,(주)비에스아이그룹코리아,
245,환경부,SK이노베이션(주),2021,업체,산업,20491,418,한국표준협회,
246,환경부,SK인천석유화학(주),2021,업체,산업,1489495,41101,한국표준협회,
247,농림축산식품부,SY에너지(주),2021,사업장,목재 및 나무제품 제조업;가구제외,31034,1055,(재)한국품질재단,
248,산업통상자원부,Y&T파워텍(주),2021,사업장,자동차,14868,309,(주)비에스아이그룹코리아,
249,환경부,㈜토탈,2021,사업장,폐기물,59162,105,(재)한국품질재단,
250,산업통상자원부,가온전선주식회사,2021,사업장,전기전자,14963,303,(주)비에스아이그룹코리아,
251,국토교통부,강남금융센터(주),2021,사업장,건물,16449,339,한국표준협회,
252,산업통상자원부,강남화성(주),2021,사업장,석유화학,17815,365,한국표준협회,
253,환경부,강릉시,2021,업체,폐기물,60230,250,(주)비에스아이그룹코리아,
254,국토교통부,강변테크노마트 주식회사,2021,사업장,건물,14996,311,대일이엔씨기술(주),
255,환경부,강원고속,2021,사업장,수송,14014,200,한국표준협회,
256,국토교통부,강원대학교 춘천캠퍼스,2021,사업장,건물,17812,368,한국표준협회,
257,국토교통부,강원여객자동차,2021,사업장,교통(여객),11586,170,한국표준협회,
258,환경부,거제시,2021,업체,폐기물,56826,491,(재)한국품질재단,
259,환경부,건국대학교,2021,사업장,건물,72691,1464,(재)한국품질재단,
260,환경부,경기도 광주시,2021,업체,수도사업,55226,914,㈜한국품질보증원,
261,환경부,경북대학교,2021,업체,건물,35680,737,㈜한국품질보증원,
262,환경부,경산시,2021,업체,지정외 폐기물처리업 등,60208,350,㈜한국품질보증원,
263,환경부,경산제지 주식회사,2021,업체,산업,107788,1033,한국표준협회,
264,국토교통부,경원여객자동차(주),2021,사업장,교통(여객),33477,603,한국표준협회,
265,환경부,경원여객자동차(주),2021,사업장,수송,14574,207,(주)한국경영인증원,
266,환경부,경인환경에너지 주식회사,2021,사업장,폐기물,63100,166,이큐에이㈜,
267,국토교통부,경전여객자동차(주),2021,사업장,교통(여객),7873,112,한국표준협회,
268,환경부,경주시,2021,업체,폐기물,74694,603,㈜한국품질보증원,
269,환경부,경진여객운수(주),2021,사업장,수송,22013,357,(주)한국경영인증원,
270,산업통상자원부,경창산업(주) 본사,2021,사업장,자동차,17073,355,한국생산성본부인증원(주),
271,국토교통부,계명대학교동산의료원,2021,사업장,건물,21454,437,(주)한국경영인증원,
272,환경부,고려강선(주),2021,업체,산업,87940,1857,한국생산성본부인증원(주),
273,해양수산부,고려고속훼리(주),2021,사업장,교통(해운),21510,309,한국표준협회,
274,환경부,고려기초소재,2021,사업장,산업,25234,445,한국표준협회,
275,환경부,고려아연 주식회사,2021,업체,산업,3553283,50368,(재)한국품질재단,
276,산업통상자원부,고려용접봉 주식회사 창원공장,2021,사업장,기계,19131,393,㈜한국품질보증원,
277,환경부,고려제강(주),2021,업체,산업,100518,2054,한국생산성본부인증원(주),
278,산업통상자원부,고려특수선재(주),2021,사업장,철강,24615,513,한국생산성본부인증원(주),
279,산업통상자원부,고성그린파워 주식회사,2021,업체,발전에너지,7414927,80558,로이드인증원㈜,
280,환경부,고양시,2021,업체,폐기물,151912,1102,㈜한국품질보증원,
281,환경부,공항철도(주),2021,업체,수송,57356,1195,대일이엔씨기술(주),
282,환경부,광명시,2021,업체,폐기물,68379,316,㈜한국품질보증원,
283,국토교통부,광주과학기술원,2021,사업장,건물,22175,458,한국표준협회,
284,환경부,광주광역시,2021,업체,폐기물,187462,1553,(재)한국품질재단,
285,국토교통부,광주광역시도시철도공사,2021,사업장,교통(철도),18540,386,한국표준협회,
286,환경부,광진산업(주),2021,업체,산업,75022,223,한국생산성본부인증원(주),
287,환경부,구리시,2021,업체,폐기물,64211,705,㈜한국품질보증원,
288,환경부,구미시,2021,업체,폐기물,199382,1210,㈜한국품질보증원,
289,환경부,국도화학(주),2021,업체,산업,40980,1634,로이드인증원㈜,
290,환경부,국립대학법인 서울대학교,2021,업체,건물,141334,2905,(재)한국품질재단,
291,국토교통부,국립암센터,2021,사업장,건물,20130,426,이큐에이㈜,
292,국토교통부,국방과학연구소,2021,사업장,건물,20056,413,(재)한국품질재단,
293,환경부,국일제지(주),2021,사업장,산업,43962,1133,이큐에이㈜,
294,국토교통부,국회사무처,2021,사업장,건물,20989,442,한국표준협회,
295,환경부,군산시,2021,업체,폐기물,122989,541,㈜한국품질보증원,
296,환경부,군포시,2021,사업장,폐기물,42342,202,㈜한국품질보증원,
297,환경부,그린케미칼 주식회사,2021,사업장,산업,53766,1242,한국가스안전공사,
298,산업통상자원부,금강공업(주) 음성 제2공장,2021,사업장,비철금속,19034,327,(주)한국경영인증원,
299,해양수산부,금진해운(주),2021,사업장,교통(해운),17764,246,㈜디엔브이비즈니스어슈어런스코리아,
300,환경부,금호고속(주),2021,업체,수송,5973,123,(주)한국경영인증원,
301,환경부,금호미쓰이화학 주식회사,2021,업체,산업,104461,1967,(재)한국품질재단,
302,환경부,금호석유화학 주식회사,2021,업체,산업,3445054,42721,한국표준협회,
303,환경부,금호익스프레스 주식회사,2021,사업장,수송,83002,1193,(주)한국경영인증원,
304,환경부,금호타이어(주),2021,업체,산업,258334,5273,지속가능인증원주식회사,
305,환경부,금호폴리켐주식회사,2021,업체,산업,325294,5500,(재)한국품질재단,
306,환경부,금호피앤비화학 주식회사,2021,업체,산업,959566,12608,한국표준협회,
307,환경부,기아(주),2021,업체,산업,730585,14913,로이드인증원㈜,
308,환경부,김천시,2021,업체,폐기물,49185,302,㈜한국품질보증원,
309,환경부,김천에너지서비스주식회사,2021,업체,전환,676144,8156,한국표준협회,
310,환경부,김포시,2021,업체,폐기물,55150,688,한국표준협회,
311,환경부,김포운수(주),2021,사업장,수송,18898,350,(주)한국경영인증원,
312,환경부,김해시,2021,업체,폐기물,119627,1282,(재)한국품질재단,
313,환경부,깨끗한나라 주식회사,2021,업체,산업,348370,4667,(재)한국품질재단,
314,환경부,나래에너지서비스 주식회사,2021,업체,전환,1814797,36160,(주)한국경영인증원,
315,환경부,나투라페이퍼 주식회사,2021,업체,산업,162595,1243,한국표준협회,
316,산업통상자원부,남강제지(주),2021,사업장,제지,29059,231,(재)한국품질재단,
317,환경부,남양금속주식회사,2021,업체,산업,67487,1261,(주)한국경영인증원,
318,환경부,남양유업(주),2021,업체,산업,84889,1970,한국표준협회,
319,환경부,남양주시,2021,업체,지정외 폐기물처리업,79487,1059,(재)한국품질재단,
320,환경부,남해화학(주),2021,업체,산업,65613,917,대일이엔씨기술(주),
321,산업통상자원부,내포그린에너지(주),2021,사업장,집단에너지,24498,526,대일이엔씨기술(주),
322,환경부,네이버 주식회사,2021,사업장,산업,78884,1646,한국표준협회,
323,환경부,네이처이앤티(주),2021,업체,폐기물,206349,358,(주)비에스아이그룹코리아,
324,산업통상자원부,네패스,2021,사업장,반도체,15542,321,(주)비에스아이그룹코리아,
325,환경부,넥센타이어(주),2021,업체,산업,205464,4124,(주)한국경영인증원,
326,환경부,노벨리스코리아 주식회사,2021,업체,산업,286981,5684,(주)한국경영인증원,
327,환경부,녹십자,2021,사업장,산업,68162,1618,(재)한국품질재단,
328,국토교통부,농협은행(주),2021,업체,건물,95692,1443,한국표준협회,
329,환경부,능원금속공업 주식회사,2021,사업장,산업,25944,535,(주)한국경영인증원,
330,환경부,담우물산(주),2021,업체,산업,63372,201,(주)한국경영인증원,
331,환경부,당진시 자원순환센터,2021,사업장,지정외 폐기물처리업 등,14576,91,한국표준협회,
332,환경부,대구광역시,2021,업체,폐기물,604219,4788,㈜한국품질보증원,
333,환경부,대구그린파워(주),2021,업체,전환,902650,17964,이큐에이㈜,
334,환경부,대구도시철도공사,2021,업체,수송,100150,2089,(주)한국경영인증원,
335,환경부,대구염색산업단지관리공단,2021,업체,전환,691588,7794,이큐에이㈜,
336,환경부,대구텍 유한책임회사,2021,사업장,산업,*****,****,한국표준협회,
337,환경부,대덕전자 주식회사,2021,업체,산업,142823,2917,한국표준협회,
338,환경부,대동금속(주),2021,사업장,산업,42559,825,(주)한국경영인증원,
339,환경부,대동산업주식회사,2021,업체,산업,24918,403,이큐에이㈜,
340,환경부,대상 주식회사,2021,업체,산업,525562,11194,(주)한국경영인증원,
341,환경부,대성목재공업(주),2021,사업장,산업,30751,607,한국표준협회,
342,환경부,대성엠디아이(주),2021,업체,산업,172310,788,(주)한국경영인증원,
343,환경부,대성지엠텍(주),2021,업체,산업,129756,334,(주)한국경영인증원,
344,산업통상자원부,대신염직공업(주),2021,사업장,섬유,13870,291,이큐에이㈜,
345,환경부,대신정기화물자동차(주),2021,업체,수송,53198,757,(주)한국경영인증원,
346,산업통상자원부,대양금속(주),2021,사업장,기계,20013,397,(재)한국품질재단,
347,환경부,대양제지공업(주),2021,업체,산업,58589,680,한국표준협회,
348,산업통상자원부,대용산업 시흥 제2공장,2021,사업장,기계,17678,363,한국표준협회,
349,환경부,대우조선해양(주),2021,업체,산업,296766,5416,(재)한국품질재단,
350,환경부,대원강업(주),2021,사업장,산업,47680,966,로이드인증원㈜,
351,환경부,대원그린에너지(주),2021,사업장,폐기물,56072,457,한국표준협회,
352,산업통상자원부,대원화성(주),2021,사업장,석유화학,17816,320,한국표준협회,
353,환경부,대일개발 주식회사,2021,사업장,폐기물,54901,168,로이드인증원㈜,
354,환경부,대전광역시,2021,업체,폐기물,314720,3029,한국표준협회,
355,국토교통부,대전교통공사,2021,사업장,교통(철도),16981,353,(주)신화엔지니어링종합건축사사무소,
356,환경부,대전열병합발전주식회사,2021,업체,전환,171233,3360,한국표준협회,
357,산업통상자원부,대창단조(주),2021,사업장,기계,13870,287,이큐에이㈜,
358,환경부,대창운수(주),2021,사업장,수송,21561,404,한국표준협회,
359,산업통상자원부,대한광통신 주식회사,2021,사업장,전기전자,15069,314,(주)한국경영인증원,
360,환경부,대한방직(주),2021,사업장,산업,34431,518,한국표준협회,
361,농림축산식품부,대한사료(주),2021,사업장,식료품 제조업,13332,272,대일이엔씨기술(주),
362,환경부,대한석탄공사,2021,사업장,산업,200128,791,한국생산성본부인증원(주),
363,산업통상자원부,대한소결금속(주),2021,사업장,자동차,21638,441,한국표준협회,
364,환경부,대한슬래그 주식회사,2021,사업장,산업,31916,580,한국표준협회,
365,환경부,대한시멘트주식회사,2021,사업장,산업,76546,1390,한국표준협회,
366,산업통상자원부,대한약품공업(주),2021,사업장,석유화학,17002,363,(주)한국경영인증원,
367,환경부,대한유화 주식회사,2021,업체,산업,1730375,35091,한국가스안전공사,
368,환경부,대한전선 주식회사,2021,사업장,산업,38996,787,이큐에이㈜,
369,환경부,대한제강(주),2021,업체,산업,403216,7179,한국표준협회,
370,환경부,대한제당 주식회사,2021,업체,산업,73001,1456,(재)한국품질재단,
371,농림축산식품부,대한제분(주),2021,사업장,식료품 제조업,21130,440,대일이엔씨기술(주),
372,환경부,대한제지주식회사,2021,업체,산업,202977,2464,한국표준협회,
373,산업통상자원부,대한조선주식회사,2021,사업장,조선,22520,373,한국표준협회,
374,산업통상자원부,대한특수금속(주),2021,사업장,철강,15370,277,이큐에이㈜,
375,환경부,대한항공,2021,업체,수송,388230,5915,㈜디엔브이비즈니스어슈어런스코리아,
376,환경부,대한화섬(주),2021,업체,산업,49005,1094,한국표준협회,
377,산업통상자원부,더블유스코프코리아(주) 1공장,2021,사업장,석유화학,15742,562,㈜한국품질보증원,
378,산업통상자원부,더블유스코프코리아(주) 2공장,2021,사업장,석유화학,19077,534,㈜한국품질보증원,
379,산업통상자원부,더블유씨피 주식회사,2021,사업장,전기전자,70591,1434,한국표준협회,
380,환경부,데이원에너지 주식회사,2021,업체,전환,1303693,14137,한국표준협회,
381,산업통상자원부,덴소코리아 주식회사,2021,사업장,자동차,11913,242,이큐에이㈜,
382,환경부,도레이배터리세퍼레이터필름 한국유한회사,2021,사업장,산업,119525,2431,한국표준협회,
383,산업통상자원부,도레이비에스에프코팅한국 유한회사,2021,업체,전기전자,106275,475,㈜디엔브이비즈니스어슈어런스코리아,
384,환경부,도레이첨단소재 주식회사,2021,업체,산업,691597,13918,(주)비에스아이그룹코리아,
385,환경부,도명특송(주),2021,사업장,수송,21298,303,한국표준협회,
386,환경부,동국산업(주),2021,사업장,산업,41422,823,한국표준협회,
387,환경부,동국제강 주식회사,2021,업체,산업,1877157,32413,(재)한국품질재단,
388,산업통상자원부,동남정밀 주식회사,2021,사업장,자동차,9887,204,한국표준협회,
389,환경부,동두천드림파워,2021,업체,전환,2277236,45315,대일이엔씨기술(주),
390,환경부,동두천시공공하수처리장,2021,사업장,폐기물,6706,113,(재)한국품질재단,
391,환경부,동서석유화학 주식회사,2021,업체,산업,412906,2379,로이드인증원㈜,
392,환경부,동서식품(주),2021,업체,산업,125973,2719,(재)한국품질재단,
393,산업통상자원부,동서페더럴모굴(주),2021,사업장,자동차,21345,441,(주)비에스아이그룹코리아,
394,국토교통부,동성교통(주),2021,사업장,교통(여객),15215,287,(주)한국경영인증원,
395,국토교통부,동성화물자동차(주),2021,사업장,교통(화물),16239,231,(주)한국경영인증원,
396,산업통상자원부,동성화학공업(주),2021,사업장,석유화학,17785,363,한국표준협회,
397,국토교통부,동아운수(주),2021,사업장,교통(여객),16863,317,(주)한국경영인증원,
398,산업통상자원부,동양산업(주) 성산지점,2021,사업장,자동차,15455,322,(주)한국경영인증원,
399,환경부,동양피스톤(주),2021,사업장,산업,25771,530,이큐에이㈜,
400,환경부,동우화인켐주식회사,2021,업체,산업,409925,6465,(재)한국품질재단,
401,환경부,동원로엑스(주),2021,사업장,수송,60644,974,한국표준협회,
402,환경부,동원시스템즈(주),2021,사업장,비철금속,278117,4887,(재)한국품질재단,
403,환경부,동원페이퍼(주),2021,업체,산업,99991,1654,(재)한국화학융합시험연구원,
404,산업통상자원부,동은단조(주) 밀양공장,2021,사업장,자동차,20772,431,㈜한국품질보증원,
405,산업통상자원부,동은단조(주) 부산공장,2021,사업장,기계,14605,302,㈜한국품질보증원,
406,환경부,동일산업주식회사,2021,업체,산업,292082,3483,한국표준협회,
407,산업통상자원부,동일알루미늄(주),2021,사업장,비철금속,20124,417,한국표준협회,
408,산업통상자원부,동일제강(주),2021,사업장,철강,23167,439,한국표준협회,
409,환경부,동일팩키지(주)진주공장,2021,사업장,산업,48628,421,(재)한국품질재단,
410,환경부,동화기업(주),2021,업체,산업,117179,2304,한국표준협회,
411,산업통상자원부,동화지앤피 주식회사,2021,사업장,유리,19572,304,(주)한국경영인증원,
412,환경부,동희오토(주),2021,사업장,산업,31706,640,(주)한국경영인증원,
413,산업통상자원부,두산메카텍 주식회사,2021,사업장,기계,12571,218,(주)한국경영인증원,
414,환경부,두산에너빌리티(주),2021,업체,산업,200301,3837,(재)한국품질재단,
415,환경부,두원중공업(주),2021,사업장,산업,28023,578,(주)신화엔지니어링종합건축사사무소,
416,환경부,디아이지에어가스 주식회사,2021,업체,산업,828720,17265,㈜한국품질보증원,
417,환경부,디에스파워 주식회사,2021,업체,전환,1066341,21265,이큐에이㈜,
418,환경부,디엘 주식회사,2021,업체,산업,2062,42,한국가스안전공사,
419,환경부,디엘모터스(주),2021,사업장,산업,53424,1094,(주)한국경영인증원,
420,환경부,디엘에프엔씨 주식회사,2021,사업장,산업,22406,464,한국가스안전공사,
421,국토교통부,디엘이앤씨(주),2021,업체,건설,49944,944,한국표준협회,
422,환경부,디엘케미칼 주식회사,2021,업체,산업,267675,4899,한국가스안전공사,
423,산업통상자원부,디케이동신(주),2021,사업장,철강,28513,510,한국표준협회,
424,국토교통부,람정제주개발 주식회사,2021,사업장,건물,34388,679,(주)한국경영인증원,
425,국토교통부,롯데글로벌로지스(주),2021,사업장,교통(화물),54121,1045,한국표준협회,
426,환경부,롯데네슬레코리아(주),2021,사업장,산업,32269,630,(재)한국품질재단,
427,환경부,롯데물산(주),2021,사업장,건물,35817,741,이큐에이㈜,
428,환경부,롯데베르살리스엘라스토머스(주),2021,업체,산업,155989,2816,한국표준협회,
429,환경부,롯데쇼핑 주식회사,2021,업체,건물,679969,13542,한국표준협회,
430,환경부,롯데알미늄 주식회사,2021,업체,산업,72329,1408,(재)한국품질재단,
431,환경부,롯데엠시시 주식회사,2021,업체,산업,332670,2693,한국표준협회,
432,환경부,롯데이네오스화학 주식회사,2021,업체,산업,252233,3675,한국표준협회,
433,환경부,롯데정밀화학 주식회사,2021,업체,산업,687673,15975,로이드인증원㈜,
434,환경부,롯데정보통신(주),2021,사업장,산업,93362,1947,한국표준협회,
435,환경부,롯데제과 주식회사,2021,업체,산업,238376,4801,(주)한국경영인증원,
436,환경부,롯데칠성음료 주식회사,2021,업체,산업,162748,3131,(주)한국경영인증원,
437,국토교통부,롯데컬처웍스(주),2021,업체,건물,48476,962,한국표준협회,
438,환경부,롯데케미칼 주식회사,2021,업체,산업,7059734,125886,(재)한국품질재단,
439,환경부,롯데푸드(주),2021,업체,산업,114086,2250,(주)한국경영인증원,
440,환경부,르노코리아자동차(주),2021,업체,산업,73264,1528,(주)한국경영인증원,
441,환경부,린데코리아 주식회사,2021,업체,산업,796453,16199,(재)한국품질재단,
442,환경부,만호제강(주),2021,사업장,산업,42608,870,한국표준협회,
443,환경부,맑은누리파크,2021,업체,지정외 폐기물처리업,93671,532,한국산업기술시험원,
444,환경부,매그나칩반도체(유),2021,업체,산업,144287,1328,(주)비에스아이그룹코리아,
445,환경부,매일유업(주),2021,업체,산업,120934,2330,(주)한국경영인증원,
446,환경부,명성운수(주),2021,사업장,수송,20822,334,이큐에이㈜,
447,산업통상자원부,명화공업(주) 아산공장,2021,사업장,자동차,26789,544,한국표준협회,
448,환경부,목포시,2021,업체,폐기물,67078,372,이큐에이㈜,
449,환경부,무림에스피(주),2021,업체,산업,48449,979,한국표준협회,
450,환경부,무림파워텍 주식회사,2021,업체,전환,191170,2958,한국표준협회,
451,환경부,무림페이퍼(주),2021,업체,산업,212197,4358,한국표준협회,
452,환경부,무림피앤피(주),2021,업체,산업,244396,13793,한국표준협회,
453,환경부,문경시 하수도사업소,2021,사업장,폐기물,9737,141,(재)한국화학융합시험연구원,
454,국토교통부,문화방송,2021,사업장,건물,16633,361,(주)한국경영인증원,
455,산업통상자원부,미래나노텍(주),2021,사업장,전기전자,21744,443,(주)한국경영인증원,
456,산업통상자원부,미쓰이케미칼앤드에스케이씨폴리우레탄 주식회사,2021,사업장,석유화학,23789,533,한국표준협회,
457,산업통상자원부,미원상사(주) 전주2공장,2021,사업장,석유화학,23671,450,대일이엔씨기술(주),
458,환경부,미원스페셜티케미칼(주)충주공장,2021,사업장,산업,59468,1348,이큐에이㈜,
459,환경부,바스프퍼포먼스폴리아마이드코리아 주식회사,2021,업체,산업,82643,1844,한국표준협회,
460,환경부,백광산업 주식회사,2021,업체,산업,208823,4193,한국표준협회,
461,환경부,버슘머트리얼즈피엠코리아,2021,사업장,산업,28280,590,로이드인증원㈜,
462,국토교통부,범일운수,2021,사업장,교통(여객),16695,314,(주)한국경영인증원,
463,환경부,베올리아워터코리아대산(주),2021,업체,공공·기타,79389,1653,(주)한국경영인증원,
464,환경부,별내에너지 주식회사,2021,업체,전환,184048,3648,한국표준협회,
465,환경부,보령시 생활폐기물처리장,2021,사업장,폐기물,51013,311,(재)한국품질재단,
466,환경부,보령엘엔지터미널 주식회사,2021,사업장,전환,49489,1002,㈜한국품질보증원,
467,국토교통부,보영운수(주),2021,사업장,교통(여객),15714,264,한국표준협회,
468,산업통상자원부,볼보그룹코리아(주),2021,사업장,기계,21141,413,한국표준협회,
469,환경부,부산광역시,2021,업체,폐기물,865313,9808,지속가능인증원주식회사,
470,국토교통부,부산교통(주),2021,사업장,교통(여객),13102,189,한국표준협회,
471,환경부,부산교통공사,2021,업체,수송,163780,3418,(재)한국품질재단,
472,국토교통부,부산대학교,2021,사업장,건물,24381,508,㈜한국품질보증원,
473,국토교통부,부산대학교병원,2021,사업장,건물,18305,378,한국표준협회,
474,환경부,부산정관에너지(주),2021,사업장,전환,73917,1466,(주)신화엔지니어링종합건축사사무소,
475,환경부,부산주공(주),2021,업체,산업,96841,1821,㈜한국품질보증원,
476,환경부,부산패션칼라산업협동조합,2021,업체,전환,143153,2051,이큐에이㈜,
477,환경부,부천시,2021,업체,폐기물,150815,1537,㈜한국품질보증원,
478,국토교통부,북부운수(주),2021,사업장,교통(여객),14191,268,(주)한국경영인증원,
479,농림축산식품부,브리티쉬아메리칸토바코코리아제조(주),2021,사업장,담배제조업,22734,469,한국표준협회,
480,환경부,브이피에이치메탈 유한회사,2021,사업장,산업,34100,630,㈜한국품질보증원,
481,환경부,비노텍 주식회사,2021,사업장,폐기물,92199,66,이큐에이㈜,
482,환경부,비를라카본코리아(주),2021,업체,산업,130409,476,㈜디엔브이비즈니스어슈어런스코리아,
483,산업통상자원부,비테스코테크놀로지스코리아 주식회사,2021,사업장,자동차,15655,321,(주)한국경영인증원,
484,환경부,사회복지법인 삼성생명공익재단,2021,업체,건물,86504,1771,(재)한국품질재단,
485,산업통상자원부,삼강에스앤씨(주),2021,사업장,조선,24773,398,(재)한국품질재단,
486,산업통상자원부,삼강엠앤티,2021,사업장,조선,21299,377,한국표준협회,
487,환경부,삼남석유화학주식회사,2021,업체,산업,195838,2624,한국표준협회,
488,환경부,삼목에스폼(주),2021,사업장,산업,44991,817,한국표준협회,
489,산업통상자원부,삼미금속(주),2021,사업장,철강,18407,375,한국표준협회,
490,환경부,삼보산업 주식회사,2021,사업장,산업,48535,748,한국표준협회,
491,환경부,삼성디스플레이 주식회사,2021,업체,산업,4675858,71875,(주)비에스아이그룹코리아,
492,환경부,삼성물산 주식회사,2021,업체,산업,85736,1830,(주)한국경영인증원,
493,환경부,삼성바이오로직스 주식회사,2021,사업장,산업,130867,2678,대일이엔씨기술(주),
494,국토교통부,삼성생명보험 주식회사,2021,업체,건물,62086,889,(재)한국품질재단,
495,환경부,삼성에스디아이 주식회사,2021,업체,산업,587846,12182,한국표준협회,
496,환경부,삼성에스디에스(주),2021,업체,산업,101882,2117,(주)한국경영인증원,
497,환경부,삼성전기 주식회사,2021,업체,산업,458723,9568,(주)비에스아이그룹코리아,
498,환경부,삼성전자 주식회사,2021,업체,산업,14494447,200500,(재)한국품질재단,
499,환경부,삼성중공업 주식회사,2021,업체,산업,370768,6509,한국표준협회,
500,환경부,삼성코닝어드밴스드글라스 유한회사,2021,사업장,산업,40849,834,로이드인증원㈜,
501,산업통상자원부,삼신정밀(주),2021,사업장,자동차,23177,477,한국표준협회,
502,산업통상자원부,삼아알미늄주식회사,2021,사업장,비철금속,19453,398,한국표준협회,
503,환경부,삼양식품(주) 원주공장,2021,사업장,산업,49583,1061,(주)비에스아이그룹코리아,
504,환경부,삼양이노켐 주식회사,2021,업체,산업,116119,1672,한국표준협회,
505,산업통상자원부,삼양통상(주),2021,사업장,섬유,13533,274,이큐에이㈜,
506,환경부,삼양화성주식회사,2021,업체,산업,94450,2318,한국표준협회,
507,산업통상자원부,삼양화인테크놀로지(주),2021,사업장,석유화학,21973,348,한국표준협회,
508,산업통상자원부,삼영산업,2021,사업장,요업,32577,594,이큐에이㈜,
509,환경부,삼영운수(주),2021,사업장,수송,27081,467,한국표준협회,
510,환경부,삼영전자공업(주),2021,업체,산업,124612,2680,한국산업기술시험원,
511,환경부,삼영화학공업(주),2021,사업장,산업,31827,653,한국표준협회,
512,산업통상자원부,삼우중공업 주식회사,2021,사업장,조선,13514,215,(주)한국경영인증원,
513,환경부,삼정펄프(주),2021,업체,산업,145995,1362,(주)비에스아이그룹코리아,
514,환경부,삼표시멘트,2021,업체,산업,5912105,33733,(재)한국품질재단,
515,환경부,삼표자원개발주식회사,2021,사업장,산업,29238,542,(재)한국품질재단,
516,해양수산부,삼표해운주식회사,2021,업체,교통(해운),71985,987,(재)한국품질재단,
517,산업통상자원부,삼호제강주식회사,2021,사업장,철강,19227,385,이큐에이㈜,
518,산업통상자원부,삼화왕관(주),2021,사업장,기계,17841,362,한국표준협회,
519,환경부,삼화제지(주),2021,사업장,산업,23220,781,한국표준협회,
520,산업통상자원부,삼화콘덴서공업(주),2021,사업장,전기전자,22981,479,한국표준협회,
521,환경부,삼흥열처리,2021,사업장,산업,28185,580,이큐에이㈜,
522,해양수산부,상지해운(주),2021,사업장,교통(해운),20342,279,㈜디엔브이비즈니스어슈어런스코리아,
523,산업통상자원부,새론오토모티브(주),2021,사업장,자동차,21933,347,이큐에이㈜,
524,국토교통부,새한특수(주),2021,사업장,교통(화물),16847,239,한국표준협회,
525,환경부,생고뱅이소바코리아 주식회사,2021,사업장,산업,36613,723,이큐에이㈜,
526,환경부,서산시 공공하수처리장,2021,사업장,하수처리업,16981,165,한국표준협회,
527,농림축산식품부,서안주정(주),2021,사업장,음료제조업,8235,273,한국표준협회,
528,농림축산식품부,서영주정(주),2021,사업장,음료제조업,21571,426,(재)한국품질재단,
529,환경부,서울교통공사,2021,업체,수송,642327,13408,대일이엔씨기술(주),
530,국토교통부,서울교통네트웍(주),2021,사업장,교통(여객),14491,273,(주)한국경영인증원,
531,환경부,서울대학교병원,2021,업체,건물,91756,1910,한국표준협회,
532,환경부,서울바이오시스(주),2021,사업장,산업,76153,1501,로이드인증원㈜,
533,산업통상자원부,서울반도체,2021,사업장,반도체,9273,193,로이드인증원㈜,
534,환경부,서울시메트로 9호선(주),2021,사업장,수송,45248,943,이큐에이㈜,
535,환경부,서울에너지공사,2021,업체,전환,277589,5529,한국표준협회,
536,농림축산식품부,서울우유협동조합,2021,업체,식료품 제조업,70000,1434,한국표준협회,
537,환경부,서울특별시,2021,업체,폐기물,1517172,12837,(재)한국품질재단,
538,환경부,서울특별시농수산식품공사,2021,사업장,건물,63707,1326,(주)한국경영인증원,
539,국토교통부,서울파이낸스센터(주),2021,사업장,건물,10874,224,한국생산성본부인증원(주),
540,산업통상자원부,서진산업(주) 경주공장,2021,사업장,자동차,17553,342,한국표준협회,
541,환경부,서한이앤피주식회사,2021,업체,산업,57643,1145,이큐에이㈜,
542,환경부,서해그린환경(주),2021,사업장,폐기물,23128,82,(재)한국품질재단,
543,산업통상자원부,선도화학(주),2021,사업장,석유화학,22549,470,한국가스안전공사,
544,환경부,선진버스(주),2021,사업장,수송,17348,315,(주)한국경영인증원,
545,환경부,성남시,2021,업체,폐기물,255574,1548,㈜한국품질보증원,
546,환경부,성남시내버스(주),2021,사업장,수송,29526,538,㈜한국품질보증원,
547,환경부,성림유화 주식회사,2021,업체,폐기물,223083,154,로이드인증원㈜,
548,산업통상자원부,성보공업(주),2021,사업장,철강,21694,422,한국표준협회,
549,환경부,성신씨엠 주식회사,2021,사업장,산업,26733,545,한국표준협회,
550,환경부,성신양회(주),2021,업체,산업,4948818,27795,한국표준협회,
551,환경부,성안합섬(주),2021,업체,산업,71101,1455,이큐에이㈜,
552,산업통상자원부,성일요업주식회사,2021,사업장,요업,18779,353,한국표준협회,
553,환경부,성창보드(주),2021,사업장,산업,32368,660,㈜한국품질보증원,
554,환경부,성훈엔지니어링주식회사,2021,사업장,산업,40483,806,한국가스안전공사,
555,산업통상자원부,세메스(주),2021,사업장,기계,33825,608,한국표준협회,
556,환경부,세방(주),2021,사업장,수송,29289,459,(주)한국경영인증원,
557,환경부,세방전지(주),2021,업체,산업,137550,2841,이큐에이㈜,
558,환경부,세종시 수질복원센터A,2021,사업장,하수처리업,49879,577,(재)한국품질재단,
559,환경부,세하(주),2021,업체,산업,157368,1849,이큐에이㈜,
560,산업통상자원부,세화금속공업(주) 다산공장,2021,사업장,철강,13746,254,이큐에이㈜,
561,환경부,셀트리온,2021,사업장,산업,54615,1117,(주)한국경영인증원,
562,환경부,셰플러코리아 유한책임회사,2021,업체,산업,95959,1992,로이드인증원㈜,
563,환경부,소신여객자동차(주),2021,사업장,수송,20730,388,한국표준협회,
564,환경부,속초시 환경자원사업소,2021,사업장,지정외 폐기물처리업,19236,337,(주)한국경영인증원,
565,산업통상자원부,솔베이실리카코리아(주),2021,사업장,석유화학,38189,830,이큐에이㈜,
566,환경부,솔브레인에스엘디 주식회사,2021,사업장,산업,56909,1116,한국표준협회,
567,환경부,송원산업(주),2021,업체,산업,161905,3224,한국표준협회,
568,환경부,송학제지(주),2021,사업장,산업,37142,466,이큐에이㈜,
569,환경부,수도권매립지관리공사,2021,업체,폐기물,1594044,4693,한국산업기술시험원,
570,환경부,수완에너지 주식회사,2021,업체,전환,171322,3401,(주)한국경영인증원,
571,환경부,수원시,2021,업체,폐기물,185611,1576,㈜한국품질보증원,
572,국토교통부,수원애경역사 주식회사,2021,사업장,건물,14789,305,한국표준협회,
573,환경부,수원여객운수(주),2021,사업장,수송,33198,627,한국표준협회,
574,국토교통부,수협노량진수산 주식회사,2021,사업장,건물,16392,342,(주)한국경영인증원,
575,환경부,순천시,2021,업체,폐기물,75917,477,한국산업기술시험원,
576,산업통상자원부,스미토모세이카폴리머스코리아(주),2021,사업장,석유화학,42689,1534,한국표준협회,
577,환경부,스테코(주),2021,사업장,산업,41914,872,한국표준협회,
578,환경부,스템코(주),2021,사업장,산업,54850,1198,(주)한국경영인증원,
579,환경부,시그네틱스(주),2021,사업장,산업,41264,854,(주)한국경영인증원,
580,환경부,시흥시,2021,업체,폐기물,112490,1109,(재)한국품질재단,
581,환경부,신대양제지(주),2021,업체,산업,210095,1800,한국표준협회,
582,환경부,신대양제지반월(주),2021,업체,산업,102511,872,한국표준협회,
583,환경부,신대일페이퍼 주식회사,2021,업체,산업,87848,376,이큐에이㈜,
584,환경부,신대한정유산업 주식회사,2021,사업장,폐기물,103266,271,(주)한국경영인증원,
585,국토교통부,신도림테크노마트 주식회사,2021,사업장,건물,14115,292,(주)한국경영인증원,
586,환경부,신분당선(주),2021,사업장,수송,26060,544,(주)한국경영인증원,
587,국토교통부,신성교통(주),2021,사업장,교통(여객),18314,322,대일이엔씨기술(주),
588,국토교통부,신안종합리조트(주),2021,사업장,건물,14010,280,(주)한국경영인증원,
589,환경부,신창제지공업주식회사,2021,사업장,산업,27409,559,한국표준협회,
590,산업통상자원부,신평택발전(주),2021,업체,발전에너지,2012607,40065,한국표준협회,
591,산업통상자원부,신한방직 주식회사,2021,사업장,섬유,9679,201,이큐에이㈜,
592,산업통상자원부,신한중공업(주),2021,사업장,조선,9245,151,㈜한국품질보증원,
593,산업통상자원부,신화인터텍(주),2021,사업장,전기전자,16785,342,한국표준협회,
594,산업통상자원부,쌍용기초소재(주),2021,사업장,시멘트,22253,403,한국표준협회,
595,환경부,쌍용머티리얼(주),2021,사업장,산업,47345,960,(재)한국품질재단,
596,환경부,쌍용씨앤이(주),2021,업체,산업,10610902,61361,한국표준협회,
597,환경부,쌍용자동차(주),2021,업체,산업,96890,1950,㈜한국품질보증원,
598,환경부,씨엔씨티에너지 주식회사,2021,사업장,전환,47459,946,로이드인증원㈜,
599,환경부,씨월드고속훼리(주),2021,업체,수송,83932,1181,(주)한국경영인증원,
600,국토교통부,씨제이씨지브이(주),2021,업체,건물,60684,1210,(주)한국경영인증원,
601,환경부,씨지앤율촌전력 주식회사,2021,업체,전환,2622763,51204,㈜한국품질보증원,
602,산업통상자원부,아름일렉트로닉스 주식회사,2021,사업장,전기전자,13161,273,(주)한국경영인증원,
603,환경부,아반스트레이트코리아 주식회사,2021,업체,산업,30176,607,㈜한국품질보증원,
604,산업통상자원부,아비코테크 주식회사,2021,사업장,전기전자,10891,226,(주)한국경영인증원,
605,환경부,아산시,2021,사업장,폐기물,96393,914,㈜한국품질보증원,
606,환경부,아세아시멘트 주식회사,2021,업체,산업,2374957,12234,한국표준협회,
607,환경부,아세아제지(주),2021,업체,산업,502240,4447,한국표준협회,
608,환경부,아시아나항공,2021,업체,수송,307634,4517,로이드인증원㈜,
609,환경부,아주대학교의료원,2021,사업장,건물,29403,601,한국생산성본부인증원(주),
610,환경부,안동시 공공하수처리장,2021,사업장,폐기물,15916,180,(재)한국품질재단,
611,산업통상자원부,안산도시개발(주),2021,사업장,집단에너지,23741,591,(재)한국품질재단,
612,환경부,안산시,2021,업체,폐기물,119657,1457,㈜한국품질보증원,
613,환경부,안양시,2021,업체,폐기물,110467,1101,㈜한국품질보증원,
614,환경부,애경케미칼(주),2021,업체,산업,164957,1702,한국표준협회,
615,환경부,앰코테크놀로지코리아(주),2021,업체,산업,289065,5905,(주)비에스아이그룹코리아,
616,국토교통부,양산부산대학교병원,2021,사업장,건물,23457,484,한국산업기술시험원,
617,환경부,양산시,2021,업체,폐기물,99988,803,㈜한국품질보증원,
618,환경부,양주시,2021,업체,폐기물,74304,792,㈜한국품질보증원,
619,환경부,에너원(주),2021,업체,전환,40018,460,(주)한국경영인증원,
620,산업통상자원부,에스앤티중공업 주식회사,2021,사업장,자동차,13828,269,한국표준협회,
621,산업통상자원부,에스에스엘엠 주식회사,2021,사업장,전기전자,24170,494,한국표준협회,
622,환경부,에스엔에프코리아(주) 울산공장,2021,사업장,산업,33499,777,이큐에이㈜,
623,산업통상자원부,에스엘 주식회사,2021,업체,전기전자,49817,1032,(재)한국품질재단,
624,환경부,에스지씨솔루션 주식회사,2021,업체,산업,165774,2712,(재)한국품질재단,
625,환경부,에스지씨에너지 주식회사,2021,업체,산업,2220543,42975,㈜디엔브이비즈니스어슈어런스코리아,
626,환경부,에스케이 주식회사,2021,사업장,산업,86103,1791,한국표준협회,
627,산업통상자원부,에스케이가스(주),2021,사업장,발전에너지,20965,376,(재)한국품질재단,
628,환경부,에스케이넥실리스 주식회사,2021,사업장,산업,211448,4401,(주)한국경영인증원,
629,환경부,에스케이루브리컨츠 주식회사,2021,업체,산업,143018,4777,한국표준협회,
630,환경부,에스케이머티리얼즈에어플러스 주식회사,2021,업체,산업,443899,9281,한국표준협회,
631,환경부,에스케이멀티유틸리티 주식회사,2021,업체,전환,358057,4270,(재)한국품질재단,
632,환경부,에스케이스페셜티 주식회사,2021,업체,산업,255819,5303,한국가스안전공사,
633,환경부,에스케이실트론 주식회사,2021,업체,산업,394863,8242,로이드인증원㈜,
634,환경부,에스케이씨 주식회사,2021,업체,산업,189622,3887,한국표준협회,
635,환경부,에스케이씨하이테크앤마케팅(주),2021,사업장,산업,39345,722,(재)한국품질재단,
636,환경부,에스케이아이이테크놀로지주식회사,2021,업체,산업,124966,2561,한국표준협회,
637,환경부,에스케이어드밴스드주식회사,2021,업체,산업,687887,12880,한국표준협회,
638,환경부,에스케이에너지 주식회사,2021,업체,산업,6704092,73746,한국표준협회,
639,환경부,에스케이에코프라임 주식회사,2021,사업장,산업,39770,677,(재)한국품질재단,
640,환경부,에스케이온 주식회사,2021,업체,산업,168412,3482,한국표준협회,
641,환경부,에스케이이엔에스 주식회사,2021,업체,전환,2876784,57207,(주)한국경영인증원,
642,환경부,에스케이지오센트릭 주식회사,2021,업체,산업,2560008,58377,한국표준협회,
643,환경부,에스케이케미칼(주),2021,업체,산업,296162,5754,(재)한국품질재단,
644,환경부,에스케이텔레콤 주식회사,2021,업체,산업,1051380,21932,㈜디엔브이비즈니스어슈어런스코리아,
645,환경부,에스케이피아이씨글로벌 주식회사,2021,업체,산업,635929,10292,한국표준협회,
646,환경부,에스케이하이닉스 시스템아이씨(주),2021,업체,산업,208463,3856,(주)비에스아이그룹코리아,
647,환경부,에스케이하이닉스 주식회사,2021,업체,산업,4521594,87061,(주)비에스아이그룹코리아,
648,산업통상자원부,에스티엠 주식회사,2021,사업장,전기전자,53267,1085,한국표준협회,
649,환경부,에스폼(주),2021,사업장,산업,1,0,한국표준협회,
650,환경부,에스피엘(주),2021,사업장,산업,27379,641,(주)비에스아이그룹코리아,
651,환경부,에어리퀴드코리아 주식회사,2021,업체,산업,243206,3181,로이드인증원㈜,
652,환경부,에어부산(주),2021,업체,수송,217656,3122,한국표준협회,
653,환경부,에어프로덕츠코리아 주식회사,2021,업체,산업,795380,16485,로이드인증원㈜,
654,환경부,에이에스이코리아주식회사,2021,업체,산업,97067,2008,(재)한국품질재단,
655,산업통상자원부,에이지씨디스플레이글라스오창주식회사,2021,사업장,유리,17457,364,㈜디엔브이비즈니스어슈어런스코리아,
656,환경부,에이지씨화인테크노한국주식회사,2021,업체,산업,210502,4243,㈜디엔브이비즈니스어슈어런스코리아,
657,국토교통부,에이치디씨리조트(주),2021,사업장,건물,13188,268,한국표준협회,
658,국토교통부,에이치디씨아이파크몰 주식회사,2021,사업장,건물,17307,357,(재)한국화학융합시험연구원,
659,산업통상자원부,에이치디씨현대이피 주식회사,2021,사업장,석유화학,23885,458,한국표준협회,
660,환경부,에이치에스지성동조선주식회사,2021,업체,산업,23040,426,한국표준협회,
661,산업통상자원부,에코플라스틱(주)1공장,2021,사업장,자동차,17044,352,(재)한국품질재단,
662,환경부,엘앤에프,2021,사업장,산업,92047,1858,(재)한국품질재단,
663,환경부,엘에스니꼬 동제련 주식회사,2021,업체,산업,536219,8664,한국표준협회,
664,산업통상자원부,엘에스메탈 주식회사,2021,사업장,비철금속,21400,444,(주)한국경영인증원,
665,산업통상자원부,엘에스일렉트릭(주) 청주사업장,2021,사업장,전기전자,22586,469,(주)한국경영인증원,
666,환경부,엘에스전선 주식회사,2021,업체,산업,126625,2530,㈜한국품질보증원,
667,환경부,엘지디스플레이(주),2021,업체,산업,4783715,60927,이큐에이㈜,
668,환경부,엘지유플러스(주),2021,업체,산업,1398814,29214,한국표준협회,
669,환경부,엘지이노텍 주식회사,2021,업체,산업,325816,6917,(주)비에스아이그룹코리아,
670,환경부,엘지전자 주식회사,2021,업체,산업,407528,7389,㈜디엔브이비즈니스어슈어런스코리아,
671,환경부,엠이엠씨코리아주식회사,2021,업체,산업,113160,2362,(주)신화엔지니어링종합건축사사무소,
672,환경부,여수시,2021,업체,지정외 폐기물처리업 등,77044,702,한국산업기술시험원,
673,환경부,여천엔씨씨 주식회사,2021,업체,산업,4222990,84268,(재)한국품질재단,
674,국토교통부,영남대학교,2021,사업장,건물,14768,303,㈜한국품질보증원,
675,산업통상자원부,영보화학(주),2021,사업장,석유화학,13978,265,(주)한국경영인증원,
676,산업통상자원부,영신금속공업(주),2021,사업장,기계,16512,340,(재)한국품질재단,
677,국토교통부,영특수츄레라(주),2021,사업장,교통(화물),12452,177,대일이엔씨기술(주),
678,환경부,영풍전자(주),2021,사업장,산업,100869,2007,(주)한국경영인증원,
679,환경부,영풍제지(주),2021,업체,산업,115395,1091,한국표준협회,
680,환경부,영화금속(주),2021,업체,산업,95331,1408,한국표준협회,
681,환경부,오뚜기라면 주식회사,2021,사업장,산업,39873,801,(주)비에스아이그룹코리아,
682,환경부,오리온엔지니어드카본즈코리아 주식회사,2021,업체,산업,518121,1687,㈜디엔브이비즈니스어슈어런스코리아,
683,환경부,오비맥주(주),2021,업체,산업,90396,1841,(주)한국경영인증원,
684,환경부,오산시 환경사업소,2021,사업장,하수처리업,21789,306,㈜한국품질보증원,
685,환경부,오씨아이 주식회사,2021,업체,산업,1309200,18160,㈜디엔브이비즈니스어슈어런스코리아,
686,농림축산식품부,오케이에프음료(주),2021,사업장,음료제조업,18002,333,한국표준협회,
687,환경부,온세미컨덕터코리아(주),2021,업체,산업,159518,2183,(주)비에스아이그룹코리아,
688,환경부,와이케이스틸 주식회사,2021,업체,산업,320847,6048,한국표준협회,
689,환경부,용남고속(주),2021,사업장,수송,23738,412,(주)한국경영인증원,
690,환경부,용산화학(주),2021,업체,산업,108703,907,한국가스안전공사,
691,환경부,용인시,2021,업체,폐기물,183465,2072,㈜한국품질보증원,
692,산업통상자원부,우지막코리아(주),2021,사업장,요업,16477,333,한국표준협회,
693,환경부,우진환경개발(주),2021,사업장,폐기물,65017,791,㈜한국품질보증원,
694,환경부,울산과학기술원,2021,사업장,건물,34395,715,한국표준협회,
695,환경부,울산광역시,2021,업체,폐기물,323923,2820,㈜한국품질보증원,
696,환경부,울산아로마틱스(주),2021,업체,산업,420845,9981,㈜디엔브이비즈니스어슈어런스코리아,
697,환경부,울산알루미늄 주식회사,2021,업체,산업,160710,3263,(주)한국경영인증원,
698,환경부,웅진에너지 주식회사,2021,업체,산업,49196,1027,한국표준협회,
699,환경부,원주시,2021,업체,폐기물,62102,704,(재)한국화학융합시험연구원,
700,환경부,유니드,2021,업체,산업,351589,9781,로이드인증원㈜,
701,산업통상자원부,유성기업(주) 영동공장,2021,사업장,자동차,15673,322,(주)비에스아이그룹코리아,
702,환경부,유한킴벌리 주식회사,2021,업체,산업,216390,3958,(재)한국품질재단,
703,환경부,유한회사 스태츠칩팩코리아,2021,업체,산업,80136,1668,(주)신화엔지니어링종합건축사사무소,
704,산업통상자원부,유한회사클라리오스델코제1공장,2021,사업장,전기전자,23620,486,(주)한국경영인증원,
705,산업통상자원부,유한회사클라리오스델코제2공장,2021,사업장,전기전자,24463,510,(주)한국경영인증원,
706,환경부,율촌화학(주),2021,사업장,산업,99514,1846,한국가스안전공사,
707,국토교통부,의료법인 길의료재단,2021,사업장,건물,22731,466,(재)한국화학융합시험연구원,
708,환경부,의정부시,2021,업체,폐기물,74860,788,㈜한국품질보증원,
709,산업통상자원부,이건에너지(주),2021,사업장,산업단지,15020,2367,㈜한국품질보증원,
710,환경부,이구산업(주),2021,사업장,산업,33795,700,한국생산성본부인증원(주),
711,환경부,이누스 주식회사,2021,사업장,산업,60933,1119,한국표준협회,
712,산업통상자원부,이래에이엠에스 주식회사,2021,사업장,자동차,21430,442,㈜한국품질보증원,
713,환경부,이스트만화이버코리아 주식회사,2021,업체,산업,55264,922,(주)한국경영인증원,
714,환경부,이천시,2021,업체,폐기물,111332,617,이큐에이㈜,
715,환경부,익산시,2021,업체,폐기물,88299,608,㈜한국품질보증원,
716,환경부,인그리디언코리아 유한회사,2021,업체,산업,140102,2666,(재)한국품질재단,
717,환경부,인천공항에너지,2021,업체,전환,229460,4550,㈜한국품질보증원,
718,환경부,인천광역시,2021,업체,폐기물,415230,4791,(재)한국품질재단,
719,환경부,인천교통공사,2021,업체,수송,108860,2247,한국표준협회,
720,환경부,인천국제공항공사,2021,업체,건물,196985,3918,한국표준협회,
721,환경부,인천종합에너지(주),2021,업체,전환,382327,7578,㈜디엔브이비즈니스어슈어런스코리아,
722,환경부,인터지스(주),2021,사업장,수송,35322,521,(주)한국경영인증원,
723,농림축산식품부,일산실업(주) 칠서에탄올공장,2021,사업장,음료제조업,9184,366,한국표준협회,
724,해양수산부,일신로지스틱스주식회사,2021,사업장,교통(해운),16980,248,㈜디엔브이비즈니스어슈어런스코리아,
725,환경부,일신방직(주),2021,업체,산업,53148,1112,한국표준협회,
726,환경부,일진디스플레이(주),2021,사업장,산업,25567,532,한국표준협회,
727,환경부,일진머티리얼즈 주식회사,2021,업체,산업,112770,2424,㈜디엔브이비즈니스어슈어런스코리아,
728,환경부,일진제강(주),2021,사업장,산업,60027,1215,한국표준협회,
729,환경부,재단법인 대구경북과학기술원,2021,사업장,건물,28529,590,한국표준협회,
730,환경부,재단법인 아산사회복지재단,2021,업체,건물,95034,1939,한국표준협회,
731,환경부,재원산업,2021,사업장,산업,34624,735,(재)한국품질재단,
732,환경부,전기초자코리아(주),2021,업체,산업,148795,3008,한국표준협회,
733,환경부,전남대학교,2021,업체,건물,35308,717,한국표준협회,
734,산업통상자원부,전방(주),2021,업체,섬유,45205,984,이큐에이㈜,
735,환경부,전북대학교,2021,사업장,건물,33225,694,이큐에이㈜,
736,국토교통부,전북대학교병원,2021,사업장,건물,21688,443,(재)한국화학융합시험연구원,
737,환경부,전북집단에너지 주식회사,2021,업체,전환,198546,2441,한국표준협회,
738,환경부,전주시,2021,업체,폐기물,191012,1838,㈜한국품질보증원,
739,국토교통부,전차연물류(주),2021,사업장,교통(화물),21388,304,㈜한국품질보증원,
740,환경부,제이비 주식회사 청수에너지,2021,사업장,전환,28730,682,(재)한국품질재단,
741,환경부,제이셋스태츠칩팩코리아(유),2021,사업장,산업,69472,1447,(주)신화엔지니어링종합건축사사무소,
742,환경부,제주특별자치도,2021,업체,폐기물,390097,3448,한국표준협회,
743,환경부,제주특별자치도개발공사,2021,사업장,산업,32054,657,한국표준협회,
744,환경부,제주항공(주),2021,업체,수송,306835,4396,(재)한국화학융합시험연구원,
745,환경부,제천시,2021,업체,폐기물,46476,334,한국표준협회,
746,산업통상자원부,조선내화(주),2021,사업장,요업,18537,367,(재)한국품질재단,
747,국토교통부,조선대학교,2021,사업장,건물,14612,300,한국생산성본부인증원(주),
748,환경부,조일알미늄 주식회사,2021,업체,산업,89611,1812,(재)한국품질재단,
749,산업통상자원부,주성엔지니어링(주),2021,사업장,기계,3095,64,(재)한국품질재단,
750,환경부,주식회사 고려시멘트,2021,업체,산업,587708,3608,한국표준협회,
751,환경부,주식회사 고려제지,2021,업체,산업,151314,2360,(주)한국경영인증원,
752,국토교통부,주식회사 남성버스,2021,사업장,교통(여객),17209,323,(주)한국경영인증원,
753,산업통상자원부,주식회사 녹수 고덕공장,2021,사업장,석유화학,19725,393,한국표준협회,
754,산업통상자원부,주식회사 녹수 봉산공장,2021,사업장,석유화학,15335,314,한국표준협회,
755,환경부,주식회사 농심,2021,업체,산업,176034,3490,한국표준협회,
756,환경부,주식회사 뉴그린,2021,사업장,폐기물,119914,155,이큐에이㈜,
757,환경부,주식회사 대륜발전,2021,업체,전환,477560,9489,한국표준협회,
758,산업통상자원부,주식회사 대보세라믹스,2021,사업장,요업,17297,296,한국표준협회,
759,환경부,주식회사 대유글로벌,2021,사업장,산업,32810,672,(재)한국품질재단,
760,환경부,주식회사 대창,2021,사업장,산업,39235,807,한국가스안전공사,
761,환경부,주식회사 대한세라믹스,2021,사업장,산업,45870,852,이큐에이㈜,
762,환경부,주식회사 대호에이엘,2021,사업장,산업,29337,592,(주)한국경영인증원,
763,환경부,주식회사 더블유티씨서울,2021,업체,건물,55818,1153,(주)한국경영인증원,
764,환경부,주식회사 덕양,2021,업체,산업,196112,985,(재)한국품질재단,
765,환경부,주식회사 덕양에너젠,2021,사업장,석유화학,29468,603,한국산업기술시험원,
766,산업통상자원부,주식회사 덕양케미칼,2021,업체,석유화학,221686,1675,(재)한국품질재단,
767,환경부,주식회사 동성케미컬,2021,사업장,산업,45802,669,한국생산성본부인증원(주),
768,산업통상자원부,주식회사 동아,2021,사업장,기계,21261,440,한국표준협회,
769,환경부,주식회사 디비메탈,2021,업체,산업,745316,8083,(재)한국품질재단,
770,환경부,주식회사 디비하이텍,2021,업체,산업,284400,3768,(주)비에스아이그룹코리아,
771,산업통상자원부,주식회사 디티알 오토모티브,2021,사업장,전기전자,22789,471,한국표준협회,
772,산업통상자원부,주식회사 메타즈,2021,사업장,기계,16910,348,㈜한국품질보증원,
773,환경부,주식회사 명성환경,2021,업체,폐기물,28,251,이큐에이㈜,
774,산업통상자원부,주식회사 명신 군산공장,2021,사업장,자동차,11040,229,(주)한국경영인증원,
775,환경부,주식회사 범우,2021,업체,폐기물,95322,83,한국표준협회,
776,환경부,주식회사 베어링아트,2021,사업장,산업,58809,37428072,한국표준협회,
777,환경부,주식회사 삼기,2021,사업장,산업,62887,1203,이큐에이㈜,
778,환경부,주식회사 삼보광업,2021,업체,산업,149709,390,한국생산성본부인증원(주),
779,환경부,주식회사 삼양사,2021,업체,산업,292151,6252,한국표준협회,
780,환경부,주식회사 삼양패키징,2021,업체,산업,144577,2986,한국표준협회,
781,산업통상자원부,주식회사 세아베스틸,2021,업체,철강,1270834,20285,한국표준협회,
782,환경부,주식회사 세아베스틸지주,2021,업체,산업,441,9,한국표준협회,
783,환경부,주식회사 세아창원특수강,2021,업체,산업,528433,9473,한국표준협회,
784,환경부,주식회사 세진메탈,2021,사업장,산업,40220,651,(주)한국경영인증원,
785,환경부,주식회사 소노인터내셔널,2021,사업장,건물,121782,2446,(주)한국경영인증원,
786,환경부,주식회사 수석,2021,사업장,산업,45869,776,(주)한국경영인증원,
787,환경부,주식회사 스타필드고양,2021,사업장,건물,25375,563,㈜한국품질보증원,
788,환경부,주식회사 스타필드하남,2021,사업장,건물,23561,492,㈜한국품질보증원,
789,환경부,주식회사 심텍,2021,업체,산업,101910,2070,㈜디엔브이비즈니스어슈어런스코리아,
790,환경부,주식회사 심팩인더스트리,2021,업체,산업,110009,1884,(재)한국품질재단,
791,산업통상자원부,주식회사 아이유제지,2021,사업장,제지,13506,250,(주)한국경영인증원,
792,환경부,주식회사 알테크노메탈,2021,사업장,산업,53964,889,이큐에이㈜,
793,산업통상자원부,주식회사 알트론김제공장,2021,사업장,자동차,14028,271,지속가능인증원주식회사,
794,환경부,주식회사 알트론전주,2021,사업장,산업,26277,505,지속가능인증원주식회사,
795,환경부,주식회사 에너지네트웍,2021,업체,폐기물,161670,433,이큐에이㈜,
796,환경부,주식회사 에스알,2021,업체,수송,160188,3349,(주)비에스아이그룹코리아,
797,환경부,주식회사 에스에프에이반도체,2021,사업장,산업,37317,761,(주)신화엔지니어링종합건축사사무소,
798,환경부,주식회사 에스엔엔씨,2021,업체,산업,1530838,16301,(재)한국품질재단,
799,환경부,주식회사 에스피씨삼립,2021,사업장,산업,87940,1788,(주)비에스아이그룹코리아,
800,환경부,주식회사 에스피에스엔에이,2021,사업장,산업,44084,900,(재)한국품질재단,
801,환경부,주식회사 에쓰큐씨,2021,업체,산업,113006,678,(주)신화엔지니어링종합건축사사무소,
802,환경부,주식회사 에어퍼스트,2021,업체,산업,572030,11721,한국가스안전공사,
803,산업통상자원부,주식회사 에이팩트,2021,사업장,전기전자,18605,388,한국표준협회,
804,환경부,주식회사 에코비트에너지명성,2021,사업장,폐기물,39932,136,이큐에이㈜,
805,환경부,주식회사 에코비트에너지울산,2021,업체,전환,83279,989,한국표준협회,
806,산업통상자원부,주식회사 에코프로지이엠,2021,사업장,전기전자,29582,603,한국표준협회,
807,산업통상자원부,주식회사 엘비루셈,2021,사업장,반도체,20455,425,(재)한국품질재단,
808,환경부,주식회사 엘엑스하우시스,2021,업체,산업,131279,2501,㈜디엔브이비즈니스어슈어런스코리아,
809,환경부,주식회사 엘지에너지솔루션,2021,업체,산업,301282,6574,(재)한국품질재단,
810,환경부,주식회사 엘지화학,2021,업체,산업,9018983,169092,(재)한국품질재단,
811,환경부,주식회사 영풍,2021,업체,산업,1201539,19211,(재)한국품질재단,
812,환경부,주식회사 영흥산업환경,2021,사업장,폐기물,45561,145,㈜한국품질보증원,
813,산업통상자원부,주식회사 윈팩,2021,사업장,반도체,26448,549,한국표준협회,
814,환경부,주식회사 유니큰,2021,업체,폐기물,104984,617,한국산업기술시험원,
815,환경부,주식회사 이랜드리테일,2021,업체,건물,157958,3255,한국표준협회,
816,환경부,주식회사 이엠케이승경,2021,사업장,폐기물,48539,170,(주)한국경영인증원,
817,환경부,주식회사 전주원파워,2021,업체,전환,50546,5828,한국표준협회,
818,환경부,주식회사 전주페이퍼,2021,업체,산업,517281,9111,한국표준협회,
819,환경부,주식회사 정선라임,2021,업체,산업,95857,331,한국표준협회,
820,환경부,주식회사 지알엠,2021,업체,산업,89374,1037,한국표준협회,
821,환경부,주식회사 지에스이앤알,2021,업체,전환,2101054,24261,이큐에이㈜,
822,산업통상자원부,주식회사 지에스포천그린에너지,2021,업체,산업단지,985961,11496,㈜디엔브이비즈니스어슈어런스코리아,
823,환경부,주식회사 진로발효,2021,사업장,산업,30553,755,(재)한국품질재단,
824,환경부,주식회사 진에어,2021,업체,수송,294326,4212,한국표준협회,
825,환경부,주식회사 징크옥사이드코퍼레이션,2021,업체,산업,83180,835,한국표준협회,
826,환경부,주식회사 카프로,2021,업체,산업,862826,7399,(재)한국품질재단,
827,환경부,주식회사 케이씨씨글라스,2021,업체,산업,678641,8874,(재)한국품질재단,
828,환경부,주식회사 케이씨씨실리콘,2021,사업장,산업,121871,1857,(재)한국품질재단,
829,환경부,주식회사 케이티,2021,업체,산업,1072375,22162,㈜한국품질보증원,
830,환경부,주식회사 케이티클라우드,2021,업체,산업,271574,5666,㈜한국품질보증원,
831,환경부,주식회사 케이피에프,2021,사업장,산업,53174,1096,한국표준협회,
832,산업통상자원부,주식회사 켐트로닉스,2021,사업장,디스플레이,19882,414,한국표준협회,
833,환경부,주식회사 코리아에어텍,2021,사업장,산업,64407,1344,이큐에이㈜,
834,환경부,주식회사 코엔텍,2021,업체,폐기물,341979,268,한국표준협회,
835,환경부,주식회사 키파운드리,2021,업체,산업,384693,3859,(주)비에스아이그룹코리아,
836,환경부,주식회사 태경비케이,2021,업체,산업,532541,2165,이큐에이㈜,
837,환경부,주식회사 태영이엠씨,2021,업체,산업,143810,785,한국표준협회,
838,환경부,주식회사 티웨이항공,2021,업체,수송,237752,3407,(재)한국화학융합시험연구원,
839,환경부,주식회사 파라다이스세가사미,2021,사업장,건물,27192,567,한국표준협회,
840,환경부,주식회사 팜한농,2021,업체,산업,197368,1433,한국표준협회,
841,환경부,주식회사 포스코,2021,업체,산업,78483858,398283,(재)한국품질재단,
842,환경부,주식회사 포스코모빌리티솔루션,2021,사업장,산업,58778,1201,㈜디엔브이비즈니스어슈어런스코리아,
843,환경부,주식회사 포스코케미칼,2021,업체,산업,2441598,15971,(재)한국품질재단,
844,산업통상자원부,주식회사 포트로닉스천안,2021,사업장,전기전자,15976,328,이큐에이㈜,
845,환경부,주식회사 풍산,2021,업체,산업,230310,4756,한국표준협회,
846,산업통상자원부,주식회사 피에스엠,2021,사업장,기계,29361,554,한국표준협회,
847,환경부,주식회사 피엔알,2021,업체,폐기물,152920,1802,(재)한국품질재단,
848,환경부,주식회사 피엠씨텍,2021,업체,산업,95558,1601,(재)한국품질재단,
849,국토교통부,주식회사 하나은행,2021,업체,건물,63623,946,한국표준협회,
850,환경부,주식회사 호텔롯데,2021,업체,건물,138062,2812,(주)한국경영인증원,
851,환경부,주식회사 효성,2021,업체,산업,33364,683,㈜디엔브이비즈니스어슈어런스코리아,
852,환경부,주식회사 후성,2021,업체,산업,215324,882,한국가스안전공사,
853,환경부,주식회사 휴스틸,2021,사업장,산업,31119,635,(주)신화엔지니어링종합건축사사무소,
854,국토교통부,주식회사경기상운,2021,사업장,교통(여객),16744,289,(주)한국경영인증원,
855,국토교통부,주식회사금강고속,2021,사업장,교통(여객),21769,313,한국표준협회,
856,국토교통부,주식회사한양고속,2021,사업장,교통(여객),9569,136,㈜한국품질보증원,
857,국토교통부,중소기업은행,2021,업체,건물,56797,815,한국표준협회,
858,국토교통부,중앙대학교,2021,사업장,건물,17706,365,한국표준협회,
859,산업통상자원부,지에스에코메탈 주식회사,2021,사업장,비철금속,18950,262,대일이엔씨기술(주),
860,환경부,지에스이피에스,2021,업체,전환,3166693,73277,한국표준협회,
861,환경부,지에스칼텍스 주식회사,2021,업체,산업,8456147,116029,(재)한국품질재단,
862,국토교통부,지엠테크니컬센터코리아,2021,사업장,건물,17841,364,한국표준협회,
863,환경부,진양특수강(주),2021,사업장,산업,36503,729,한국표준협회,
864,산업통상자원부,진영산업(주),2021,사업장,기계,8223,171,한국표준협회,
865,환경부,진영페이퍼 주식회사,2021,업체,산업,91491,884,이큐에이㈜,
866,환경부,진주시,2021,업체,폐기물,112641,582,한국산업기술시험원,
867,환경부,진천음성광역폐기물처리장,2021,사업장,지정외 폐기물처리업,23414,171,한국표준협회,
868,환경부,창원시,2021,업체,폐기물,264382,2523,㈜한국품질보증원,
869,환경부,천안시,2021,업체,폐기물,177210,1637,㈜한국품질보증원,
870,국토교통부,천일정기화물자동차(주),2021,사업장,수송,22085,320,한국표준협회,
871,환경부,천일제지(주),2021,업체,산업,63443,1182,이큐에이㈜,
872,환경부,청주시,2021,업체,폐기물,200382,1830,(재)한국화학융합시험연구원,
873,환경부,초당환경(유),2021,사업장,폐기물,33181,69,(재)한국품질재단,
874,환경부,춘천시,2021,업체,폐기물,141726,715,(재)한국화학융합시험연구원,
875,환경부,춘천에너지 주식회사,2021,업체,전환,1038958,20714,한국표준협회,
876,환경부,충남대학교,2021,사업장,건물,27327,561,로이드인증원㈜,
877,국토교통부,충남대학교병원,2021,사업장,건물,21653,447,한국표준협회,
878,국토교통부,충북대학교,2021,사업장,건물,17841,346,한국표준협회,
879,환경부,충주시,2021,업체,폐기물,85521,698,(재)한국품질재단,
880,산업통상자원부,컬러스앤이펙츠코리아(주),2021,사업장,석유화학,19154,596,(재)한국품질재단,
881,환경부,케이씨글라스(주),2021,사업장,산업,32977,525,(주)신화엔지니어링종합건축사사무소,
882,환경부,케이씨씨,2021,업체,산업,577066,10727,(재)한국품질재단,
883,환경부,케이씨주식회사,2021,업체,산업,170879,2477,한국표준협회,
884,환경부,케이씨환경서비스 주식회사,2021,업체,폐기물,256402,1851,(재)한국품질재단,
885,환경부,케이알에너지(주),2021,업체,전환,42070,450,한국표준협회,
886,환경부,케이알코폴리머 유한회사,2021,사업장,산업,31145,421,(주)한국경영인증원,
887,산업통상자원부,케이에이에프 주식회사,2021,사업장,섬유,18894,341,한국표준협회,
888,환경부,케이엠씨해운 주식회사,2021,업체,수송,44437,612,㈜디엔브이비즈니스어슈어런스코리아,
889,환경부,케이오씨(주),2021,업체,산업,48642,1202,(주)한국경영인증원,
890,환경부,케이지스틸 주식회사,2021,업체,산업,401326,8550,(재)한국품질재단,
891,환경부,케이지이티에스 주식회사,2021,업체,폐기물,1686,30,로이드인증원㈜,
892,산업통상자원부,케이지케미칼 주식회사,2021,사업장,석유화학,25396,425,이큐에이㈜,
893,산업통상자원부,코넥,2021,사업장,자동차,28411,562,(주)한국경영인증원,
894,환경부,코닝정밀소재 주식회사,2021,업체,산업,571914,11517,로이드인증원㈜,
895,환경부,코리아PTG(주),2021,업체,산업,123425,1029,(재)한국품질재단,
896,산업통상자원부,코리아니켈(주),2021,사업장,비철금속,6793,101,한국표준협회,
897,환경부,코스모신소재(주),2021,사업장,산업,48252,886,한국표준협회,
898,환경부,코스모화학,2021,업체,산업,96411,1756,한국표준협회,
899,환경부,코스포영남파워 주식회사,2021,업체,전환,975583,19415,한국표준협회,
900,환경부,코어엔텍 주식회사,2021,업체,폐기물,296149,1452,로이드인증원㈜,
901,산업통상자원부,코오롱글로텍(주) 구미공장,2021,사업장,섬유,14778,289,한국표준협회,
902,산업통상자원부,코오롱바스프이노폼 주식회사,2021,업체,석유화학,110114,1628,한국표준협회,
903,환경부,코오롱인더스트리 주식회사,2021,업체,산업,682618,12211,한국표준협회,
904,환경부,코오롱플라스틱(주),2021,업체,산업,176836,2191,한국표준협회,
905,농림축산식품부,코카콜라음료(주) 여주공장,2021,사업장,음료제조업,19943,409,(재)한국품질재단,
906,환경부,크나우프석고보드 주식회사,2021,업체,산업,116964,2331,(재)한국품질재단,
907,산업통상자원부,타타대우상용차 주식회사,2021,사업장,자동차,19153,360,한국생산성본부인증원(주),
908,환경부,태경산업(주),2021,업체,산업,89966,1222,이큐에이㈜,
909,환경부,태광산업 주식회사,2021,업체,산업,1097863,16296,한국표준협회,
910,환경부,태림페이퍼주식회사,2021,업체,산업,363117,6200,(재)한국화학융합시험연구원,
911,환경부,태백시 환경자원센터,2021,사업장,지정외 폐기물처리업 등,9987,169,한국표준협회,
912,환경부,태봉광업 주식회사,2021,업체,산업,273070,695,(주)비에스아이그룹코리아,
913,산업통상자원부,태양금속공업(주),2021,사업장,기계,19999,413,(주)한국경영인증원,
914,환경부,태영세라믹(주),2021,사업장,산업,28259,525,한국표준협회,
915,산업통상자원부,태원물산(주) 울산공장,2021,사업장,시멘트,14276,208,한국표준협회,
916,국토교통부,태화상운(주),2021,사업장,교통(여객),2736,48,한국표준협회,
917,환경부,통영시 환경자원화센터,2021,사업장,폐기물,33618,312,(재)한국품질재단,
918,산업통상자원부,티케이지에코머티리얼 주식회사,2021,사업장,섬유,12586,332,(재)한국품질재단,
919,환경부,티케이지휴켐스 주식회사,2021,업체,산업,140022,1316,(주)한국경영인증원,
920,환경부,티케이케미칼,2021,업체,산업,194332,3934,이큐에이㈜,
921,국토교통부,파르나스호텔(주),2021,사업장,건물,18287,378,한국표준협회,
922,환경부,파인트리포스마그네슘 주식회사,2021,업체,산업,32414,77,(재)한국품질재단,
923,환경부,파주시,2021,업체,폐기물,171212,1668,㈜한국품질보증원,
924,환경부,파주에너지서비스,2021,업체,전환,3894734,76259,(주)한국경영인증원,
925,환경부,파주전기초자 주식회사,2021,사업장,산업,51029,639,㈜디엔브이비즈니스어슈어런스코리아,
926,산업통상자원부,팔미금속공업(주),2021,사업장,철강,19011,352,한국표준협회,
927,환경부,페이퍼코리아,2021,업체,산업,98319,1470,한국표준협회,
928,환경부,평택시,2021,업체,폐기물,125460,1702,(재)한국품질재단,
929,환경부,평택에너지서비스(주),2021,업체,전환,1256586,24679,㈜디엔브이비즈니스어슈어런스코리아,
930,환경부,평화산업(주),2021,사업장,산업,27993,570,한국생산성본부인증원(주),
931,환경부,포스코스틸리온(주),2021,업체,산업,127366,2539,한국표준협회,
932,환경부,포스코에너지(주),2021,업체,전환,5132914,101946,(재)한국품질재단,
933,환경부,포스코홀딩스 주식회사,2021,업체,산업,6349,130,(재)한국품질재단,
934,환경부,포천민자발전 주식회사,2021,업체,전환,1708411,33957,(재)한국품질재단,
935,환경부,포천시,2021,업체,지정외 폐기물처리업 등,62863,597,㈜한국품질보증원,
936,환경부,포천파워(주),2021,업체,전환,1643976,32719,(재)한국품질재단,
937,환경부,포항시,2021,업체,폐기물,231928,2804,㈜한국품질보증원,
938,환경부,폴리미래(주),2021,업체,산업,128521,2316,(주)한국경영인증원,
939,농림축산식품부,풍국주정공업(주),2021,사업장,음식료품,7846,466,한국표준협회,
940,환경부,피아이첨단소재 주식회사,2021,사업장,산업,94915,1598,(재)한국품질재단,
941,환경부,하나마이크론,2021,사업장,산업,33359,693,(주)한국경영인증원,
942,산업통상자원부,하나머티리얼즈(주),2021,사업장,반도체,23869,497,한국표준협회,
943,환경부,하남시 환경기초시설,2021,사업장,폐기물,39871,466,(재)한국품질재단,
944,환경부,하이트진로(주),2021,업체,산업,131208,2520,(재)한국품질재단,
945,환경부,하이트진로산업(주),2021,사업장,산업,28943,452,이큐에이㈜,
946,환경부,하이호경금속 주식회사,2021,사업장,산업,38770,640,㈜한국품질보증원,
947,환경부,학교법인 가톨릭학원,2021,사업장,건물,136145,2764,한국표준협회,
948,국토교통부,학교법인 경희학원,2021,업체,건물,55162,1131,한국표준협회,
949,환경부,학교법인 고려중앙학원,2021,업체,건물,101769,2090,㈜한국품질보증원,
950,환경부,학교법인 성균관대학,2021,사업장,건물,62402,1272,이큐에이㈜,
951,환경부,학교법인 연세대학교,2021,업체,건물,178114,3674,(재)한국품질재단,
952,환경부,학교법인 이화학당,2021,사업장,건물,67477,1416,이큐에이㈜,
953,환경부,학교법인 포항공과대학교,2021,사업장,건물,76989,1730,㈜한국품질보증원,
954,환경부,학교법인 한양학원,2021,업체,건물,73028,1494,이큐에이㈜,
955,산업통상자원부,한국NSK(주),2021,사업장,기계,22426,467,한국표준협회,
956,환경부,한국가스공사,2021,업체,전환,687660,13254,(주)신화엔지니어링종합건축사사무소,
957,환경부,한국경남태양유전(주),2021,업체,산업,81121,1579,이큐에이㈜,
958,환경부,한국공항공사,2021,사업장,건물,82441,1687,이큐에이㈜,
959,국토교통부,한국과학기술연구원,2021,사업장,건물,18416,381,㈜한국품질보증원,
960,환경부,한국과학기술원,2021,업체,건물,80675,1632,이큐에이㈜,
961,국토교통부,한국과학기술정보연구원,2021,사업장,건물,19592,408,(주)신화엔지니어링종합건축사사무소,
962,산업통상자원부,한국기초소재(주),2021,사업장,시멘트,21143,431,한국표준협회,
963,환경부,한국남동발전,2021,업체,전환,37228227,436365,한국표준협회,
964,환경부,한국남부발전 주식회사,2021,업체,전환,34457856,437848,대일이엔씨기술(주),
965,환경부,한국넥슬렌유한회사,2021,업체,산업,127345,2565,한국표준협회,
966,환경부,한국니토옵티칼(주),2021,사업장,산업,38329,695,㈜디엔브이비즈니스어슈어런스코리아,
967,환경부,한국도로공사,2021,업체,건물,265886,5339,한국표준협회,
968,환경부,한국동서발전 주식회사,2021,업체,전환,32808320,403325,㈜한국품질보증원,
969,국토교통부,한국마사회,2021,사업장,건물,10521,210,한국표준협회,
970,환경부,한국바스프 주식회사,2021,업체,산업,673287,9880,(재)한국품질재단,
971,국토교통부,한국방송공사,2021,사업장,건물,17084,357,(주)한국경영인증원,
972,국토교통부,한국보훈복지의료공단 중앙보훈병원,2021,사업장,건물,15888,325,한국표준협회,
973,환경부,한국서부발전,2021,업체,전환,33358236,414093,(주)신화엔지니어링종합건축사사무소,
974,산업통상자원부,한국세큐리트(주) 군산공장,2021,사업장,유리,16517,343,이큐에이㈜,
975,산업통상자원부,한국세큐리트(주) 익산공장,2021,사업장,유리,17022,354,이큐에이㈜,
976,환경부,한국수력원자력,2021,업체,전환,3113579,63900,(재)한국품질재단,
977,환경부,한국수자원공사,2021,업체,공공·기타,771080,16032,(주)한국경영인증원,
978,환경부,한국수출포장공업(주),2021,업체,산업,130890,2003,㈜디엔브이비즈니스어슈어런스코리아,
979,산업통상자원부,한국쓰리엠(주),2021,사업장,석유화학,30445,613,한국표준협회,
980,환경부,한국씨엔티(주),2021,업체,산업,61339,1202,이큐에이㈜,
981,산업통상자원부,한국알콜산업(주),2021,사업장,석유화학,33981,1692,한국생산성본부인증원(주),
982,환경부,한국앤컴퍼니 주식회사,2021,업체,산업,73078,1510,(재)한국화학융합시험연구원,
983,환경부,한국엔지니어링플라스틱,2021,업체,산업,211529,3775,한국표준협회,
984,환경부,한국오웬스코닝(주),2021,업체,산업,82858,1620,대일이엔씨기술(주),
985,국토교통부,한국원자력연구원,2021,사업장,건물,22149,457,한국표준협회,
986,국토교통부,한국원자력의학원,2021,사업장,건물,17101,351,한국표준협회,
987,환경부,한국유리공업 주식회사,2021,업체,산업,257200,3562,이큐에이㈜,
988,환경부,한국유미코아 유한책임회사,2021,사업장,산업,121499,2399,(재)한국품질재단,
989,환경부,한국이네오스스티롤루션 주식회사,2021,업체,산업,97228,1877,(재)한국품질재단,
990,환경부,한국전력공사,2021,업체,전환,1009744,7481,지속가능인증원주식회사,
991,국토교통부,한국전자통신연구원,2021,사업장,건물,18474,383,(주)신화엔지니어링종합건축사사무소,
992,환경부,한국제강 주식회사,2021,업체,산업,251247,4385,한국표준협회,
993,산업통상자원부,한국제이씨씨(주),2021,사업장,전기전자,11785,245,한국표준협회,
994,환경부,한국제지 주식회사,2021,업체,산업,173765,4919,(재)한국품질재단,
995,환경부,한국주철관공업(주),2021,업체,산업,62273,792,한국표준협회,
996,환경부,한국중부발전,2021,업체,전환,33093129,417826,(재)한국품질재단,
997,환경부,한국지엠 주식회사,2021,업체,산업,199982,4072,한국표준협회,
998,환경부,한국지역난방공사,2021,업체,전환,5918107,117661,(주)신화엔지니어링종합건축사사무소,
999,환경부,한국철강,2021,업체,산업,392071,7277,㈜한국품질보증원,
1000,환경부,한국철도공사,2021,업체,수송,1542665,30231,한국표준협회,
1001,환경부,한국타이어앤테크놀로지(주),2021,업체,산업,436988,9223,(재)한국품질재단,
1002,환경부,한국토지주택공사,2021,업체,전환,220418,4368,㈜디엔브이비즈니스어슈어런스코리아,
1003,국토교통부,한국표준과학연구원,2021,사업장,건물,22939,471,(주)신화엔지니어링종합건축사사무소,
1004,산업통상자원부,한국프랜지공업(주) 제2공장,2021,사업장,철강,16477,342,한국표준협회,
1005,농림축산식품부,한국필립모리스 주식회사 양산공장,2021,사업장,담배제조업,17530,359,한국표준협회,
1006,환경부,한국항공우주산업(주),2021,사업장,산업,58148,1181,(주)신화엔지니어링종합건축사사무소,
1007,국토교통부,한국핵융합에너지연구원,2021,사업장,건물,21267,444,(주)신화엔지니어링종합건축사사무소,
1008,산업통상자원부,한라스택폴(주),2021,사업장,자동차,15530,306,한국표준협회,
1009,환경부,한라시멘트주식회사,2021,업체,산업,4523552,24627,한국표준협회,
1010,국토교통부,한무쇼핑(주),2021,업체,건물,68472,1440,한국표준협회,
1011,환경부,한미약품(주),2021,업체,산업,59541,1185,이큐에이㈜,
1012,산업통상자원부,한미정밀화학(주),2021,사업장,석유화학,17469,398,이큐에이㈜,
1013,국토교통부,한성운수(주),2021,사업장,교통(여객),15428,294,(주)한국경영인증원,
1014,환경부,한솔제지,2021,업체,산업,923192,16488,(주)한국경영인증원,
1015,산업통상자원부,한솔테크닉스(주),2021,사업장,전기전자,8899,185,한국표준협회,
1016,환경부,한솔페이퍼텍주식회사,2021,업체,산업,113250,1234,(주)한국경영인증원,
1017,환경부,한온시스템 주식회사,2021,업체,산업,59679,1249,㈜디엔브이비즈니스어슈어런스코리아,
1018,산업통상자원부,한융금속(주),2021,사업장,비철금속,20069,320,(주)한국경영인증원,
1019,환경부,한일시멘트 주식회사,2021,업체,산업,4277252,27837,한국표준협회,
1020,환경부,한일제관(주),2021,업체,산업,51349,1052,이큐에이㈜,
1021,산업통상자원부,한일캔 주식회사,2021,사업장,기계,20644,424,이큐에이㈜,
1022,환경부,한일현대시멘트 주식회사,2021,업체,시멘트,3820963,23411,한국표준협회,
1023,산업통상자원부,한주금속(주) 본사,2021,사업장,비철금속,11135,227,(재)한국품질재단,
1024,산업통상자원부,한주금속(주) 엔진공장,2021,사업장,비철금속,17199,351,(재)한국품질재단,
1025,산업통상자원부,한진중공업(주),2021,사업장,조선,18700,340,한국표준협회,
1026,환경부,한화솔루션 주식회사,2021,업체,산업,2690533,49970,㈜디엔브이비즈니스어슈어런스코리아,
1027,환경부,한화에너지주식회사,2021,업체,전환,4859243,55675,한국표준협회,
1028,산업통상자원부,한화에어로스페이스(주),2021,사업장,기계,24253,495,(주)비에스아이그룹코리아,
1029,환경부,한화임팩트 주식회사,2021,업체,산업,500578,8710,㈜디엔브이비즈니스어슈어런스코리아,
1030,환경부,한화토탈에너지스 주식회사,2021,업체,산업,4892541,107697,한국가스안전공사,
1031,국토교통부,한화호텔앤드리조트(주),2021,업체,건물,53381,1065,(주)비에스아이그룹코리아,
1032,환경부,한황산업주식회사,2021,사업장,산업,40177,751,㈜한국품질보증원,
1033,환경부,해성디에스 주식회사,2021,사업장,산업,62321,1380,(주)비에스아이그룹코리아,
1034,농림축산식품부,해태에이치티비(주) 천안공장,2021,사업장,음료제조업,24119,490,(재)한국품질재단,
1035,환경부,핸즈식스주식회사,2021,업체,산업,71439,1461,이큐에이㈜,
1036,환경부,핸즈코퍼레이션주식회사,2021,업체,산업,63161,1281,(재)한국품질재단,
1037,국토교통부,현대건설(주),2021,업체,건설,78177,1560,로이드인증원㈜,
1038,산업통상자원부,현대건설기계(주) 울산공장,2021,사업장,기계,15085,238,㈜디엔브이비즈니스어슈어런스코리아,
1039,환경부,현대글로비스(주),2021,업체,수송,79854,1218,한국표준협회,
1040,환경부,현대두산인프라코어(주),2021,업체,산업,105125,2038,지속가능인증원주식회사,
1041,산업통상자원부,현대로템 주식회사 창원공장,2021,사업장,기계,20483,412,(주)한국경영인증원,
1042,환경부,현대모비스(주),2021,업체,산업,173416,3563,(재)한국품질재단,
1043,환경부,현대미포조선,2021,업체,산업,155876,2860,한국표준협회,
1044,환경부,현대비앤지스틸(주),2021,업체,산업,80708,1659,㈜디엔브이비즈니스어슈어런스코리아,
1045,환경부,현대삼호중공업 주식회사,2021,업체,산업,255232,4395,㈜디엔브이비즈니스어슈어런스코리아,
1046,환경부,현대석회(주),2021,업체,산업,88310,258,한국생산성본부인증원(주),
1047,환경부,현대성우쏠라이트 주식회사,2021,업체,산업,41144,848,한국표준협회,
1048,환경부,현대성우캐스팅 주식회사,2021,업체,산업,188111,3667,(재)한국품질재단,
1049,환경부,현대아이에프씨 주식회사,2021,업체,산업,195918,3636,로이드인증원㈜,
1050,환경부,현대에너지솔루션(주),2021,사업장,산업,27366,538,한국표준협회,
1051,산업통상자원부,현대오씨아이 주식회사,2021,업체,석유화학,409871,5043,(재)한국품질재단,
1052,환경부,현대오일뱅크,2021,업체,산업,7510609,80729,(재)한국품질재단,
1053,산업통상자원부,현대오토에버 주식회사,2021,사업장,통신,21650,452,대일이엔씨기술(주),
1054,환경부,현대위아 주식회사,2021,업체,산업,181938,3665,㈜디엔브이비즈니스어슈어런스코리아,
1055,환경부,현대일렉트릭앤에너지시스템(주),2021,사업장,산업,30547,626,㈜디엔브이비즈니스어슈어런스코리아,
1056,환경부,현대자동차 주식회사,2021,업체,산업,1508866,31043,로이드인증원㈜,
1057,환경부,현대제철 주식회사,2021,업체,산업,28489305,168099,로이드인증원㈜,
1058,산업통상자원부,현대종합금속(주),2021,사업장,기계,21588,431,로이드인증원㈜,
1059,환경부,현대종합특수강 주식회사,2021,사업장,산업,59286,1154,한국표준협회,
1060,환경부,현대중공업주식회사,2021,업체,산업,536701,9186,한국표준협회,
1061,환경부,현대케미칼주식회사,2021,업체,산업,1244838,21970,(재)한국품질재단,
1062,환경부,현대트랜시스 주식회사,2021,업체,산업,187229,3878,㈜디엔브이비즈니스어슈어런스코리아,
1063,산업통상자원부,현우산업,2021,사업장,전기전자,17893,372,한국표준협회,
1064,산업통상자원부,현진소재(주) 2공장,2021,사업장,기계,4158,83,(주)한국경영인증원,
1065,산업통상자원부,호스트웨이아이디씨(주),2021,사업장,통신,15545,324,한국표준협회,
1066,환경부,홈플러스 주식회사,2021,업체,건물,415110,8444,로이드인증원㈜,
1067,환경부,홍덕산업(주),2021,업체,산업,87778,1963,한국생산성본부인증원(주),
1068,환경부,홍원제지(주),2021,업체,산업,115762,1662,한국표준협회,
1069,환경부,화성시,2021,업체,폐기물,144139,1058,(재)한국화학융합시험연구원,
1070,국토교통부,화영운수(주),2021,사업장,교통(여객),20191,297,한국표준협회,
1071,산업통상자원부,화인베스틸,2021,사업장,철강,19091,349,(주)한국경영인증원,
1072,환경부,환영철강공업,2021,업체,산업,300811,5604,㈜한국품질보증원,
1073,환경부,효성중공업 주식회사,2021,업체,산업,54101,1132,㈜디엔브이비즈니스어슈어런스코리아,
1074,환경부,효성첨단소재 주식회사,2021,업체,산업,202512,4210,㈜디엔브이비즈니스어슈어런스코리아,
1075,환경부,효성티앤씨 주식회사,2021,업체,산업,365131,8403,㈜디엔브이비즈니스어슈어런스코리아,
1076,환경부,효성화학 주식회사,2021,업체,산업,887229,18850,㈜디엔브이비즈니스어슈어런스코리아,
1077,국토교통부,휘닉스중앙평창(주),2021,사업장,건물,18265,364,(주)한국경영인증원,
1078,환경부,휴비스,2021,업체,산업,465851,7089,한국표준협회,
1079,산업통상자원부,희성촉매(주),2021,사업장,석유화학,21146,423,한국표준협회,
